"package_item_A","package_item_B","package_item_C","overall_best","overall_worst","age","district","gender","longitude","latitude","planting_date","end_date","cycle"
"UG120198","UG120193","NAROCASS 1","B","A",66,"Mityana","Male",31.97802,0.3907683,2019-04-27,2020-04-26,1
"UG120024 ","UG130016 ","MM06/123","C","A",67,"Mityana","Male",31.98413,0.3964193,2019-04-27,2020-04-26,1
"UG120156","UG120180","UG130007","C","A",70,"Mityana","Female",31.9837,0.3983948,2019-04-27,2020-04-26,1
"UG120124","MM16/0707","MM16/1627  ","B","A",23,"Mityana","Female",31.98564,0.3978892,2019-04-29,2020-04-28,1
"UG120180","UG120198","MM16/0707","B","A",60,"Mityana","Male",31.98183,0.3941196,2019-04-27,2020-04-26,1
"NAROCASS 1","MM16/1627  ","UG120124","A","C",64,"Mityana","Male",31.98861,0.3982333,2019-04-28,2020-04-27,1
"UG130007","MM06/123","UG120156","A","C",56,"Mityana","Female",31.98774,0.3974733,2019-04-28,2020-04-27,1
"UG120193","UG120024 ","UG130016 ","A","C",64,"Mityana","Female",31.98811,0.3977733,2019-04-28,2020-04-27,1
"NAROCASS 1","UG130007","UG120180","A","C",44,"Mityana","Male",31.98705,0.4021483,2019-04-29,2020-04-28,1
"MM16/0707","UG120156","UG120124","A","B",25,"Serere","Male",31.98643,0.4033517,2019-04-27,2020-04-26,1
"UG120198","UG120180","MM16/1627  ","A","C",27,"Mityana","Female",32.13826,0.4199717,2019-04-28,2020-04-27,1
"MM16/0707","UG120198","MM06/123","B","C",19,"Mityana","Male",32.16503,0.389325,2019-04-28,2020-04-27,1
"UG120124","UG130016 ","UG120193","B","C",40,"Mityana","Male",32.14586,0.4190433,2019-04-28,2020-04-27,1
"MM16/1627  ","UG120156","NAROCASS 1","C","B",53,"Mityana","Male",32.1468,0.4222175,2019-04-28,2020-04-27,1
"UG120180","UG120024 ","UG130007","C","A",40,"Mityana","Male",32.1466,0.422452,2019-04-28,2020-04-27,1
"UG130016 ","UG120198","UG120180","B","C",25,"Mityana","Male",31.94192,0.5212237,2019-04-29,2020-04-28,1
"UG130007","MM16/1627  ","UG120156","B","A",48,"Mityana","Male",31.95119,0.5177624,2019-04-27,2020-04-26,1
"UG120193","NAROCASS 1","MM16/0707","B","A",34,"Mityana","Male",31.94822,0.5166458,2019-04-27,2020-04-26,1
"UG120124","UG120193","NAROCASS 1","C","B",34,"Mityana","Male",31.95885,0.5310131,2019-04-27,2020-04-26,1
"UG120180","MM16/1627  ","MM06/123","B","A",30,"Mityana","Male",31.94736,0.5302033,2019-04-29,2020-04-28,1
"UG120024 ","UG130007","UG120198","B","A",38,"Mityana","Male",31.93724,0.5292973,2019-04-29,2020-04-28,1
"UG130016 ","MM16/0707","MM06/123","A","C",26,"Mityana","Male",31.94611,0.5312133,2019-04-29,2020-04-28,1
"UG120198","NAROCASS 1","UG120156","A","B",45,"Mityana","Female",31.94457,0.529875,2019-04-29,2020-04-28,1
"MM16/1627  ","UG120124","UG120024 ","A","C",48,"Mityana","Female",32.03654,0.5006698,2019-04-28,2020-04-27,1
"NAROCASS 1","UG130016 ","UG130007","A","C",28,"Mityana","Male",32.04334,0.4956676,2019-04-28,2020-04-27,1
"MM06/123","UG120156","UG120193","B","A",17,"Mityana","Male",32.04371,0.4966981,2019-04-28,2020-04-27,1
"UG120124","UG120024 ","UG120180","A","B",35,"Serere","Female",32.04418,0.4942632,2019-04-28,2020-04-27,1
"MM16/1627  ","MM06/123","UG120124","C","A",28,"Mityana","Male",32.02615,0.5101383,2019-04-28,2020-04-27,1
"UG120180","NAROCASS 1","MM16/0707","C","A",53,"Mityana","Female",32.03332,0.5068717,2019-04-28,2020-04-27,1
"UG120156","UG120024 ","UG130016 ","A","B",68,"Mityana","Female",32.03832,0.5024983,2019-04-28,2020-04-27,1
"UG130007","UG120193","UG120198","B","A",27,"Mityana","Male",32.01679,0.487305,2019-04-28,2020-04-27,1
"NAROCASS 1","MM06/123","UG120156","A","C",27,"Luwero","Female",32.4523,0.8651017,2019-05-07,2020-05-06,1
"UG120193","MM16/0707","UG120124","C","B",50,"Luwero","Female",32.45063,0.8674733,2019-05-07,2020-05-06,1
"UG120024 ","UG130007","MM16/1627  ","C","A",39,"Luwero","Female",32.43305,0.83888,2019-05-07,2020-05-06,1
"UG120198","UG130016 ","NAROCASS 1","C","A",48,"Luwero","Male",32.42891,0.8589117,2019-04-29,2020-04-28,1
"UG130007","MM16/1627  ","UG120180","A","C",51,"Luwero","Female",32.4302,0.8680733,2019-05-07,2020-05-06,1
"UG130016 ","UG120180","UG120193","C","B",52,"Luwero","Female",32.44445,0.8561567,2019-04-29,2020-04-28,1
"UG120156","UG120124","UG120198","A","C",46,"Luwero","Female",32.42904,0.860225,2019-05-08,2020-05-07,1
"MM16/0707","MM06/123","UG120024 ","B","A",52,"Luwero","Male",32.44226,0.8840233,2019-05-07,2020-05-06,1
"UG120193","NAROCASS 1","MM16/1627  ","B","C",58,"Luwero","Male",32.44729,0.8708967,2019-05-07,2020-05-06,1
"MM06/123","UG120180","UG120024 ","A","C",57,"Luwero","Male",32.45169,0.86767,2019-05-07,2020-05-06,1
"UG120124","UG120198","UG130007","C","A",28,"Luwero","Male",32.52724,0.8502817,2019-05-07,2020-05-06,1
"NAROCASS 1","UG120156","MM16/0707","B","A",29,"Luwero","Male",32.53507,0.8475667,2019-05-07,2020-05-06,1
"UG120024 ","UG120124","UG130016 ","B","A",22,"Luwero","Male",32.51917,0.8463817,2019-05-07,2020-05-06,1
"UG130007","MM16/0707","MM16/1627  ","A","B",37,"Luwero","Female",32.53319,0.8502367,2019-05-07,2020-05-06,1
"UG120198","UG120193","MM06/123","B","C",34,"Luwero","Female",32.53528,0.8477933,2019-05-07,2020-05-06,1
"UG120180","UG130016 ","UG120156","B","C",60,"Luwero","Female",32.53017,0.842915,2019-05-07,2020-05-06,1
"UG130016 ","UG130007","UG120180","A","C",65,"Luwero","Male",32.5228,0.846185,2019-05-07,2020-05-06,1
"UG120124","UG120156","UG120193","B","C",38,"Luwero","Female",32.52014,0.8424117,2019-05-07,2020-05-06,1
"UG120198","UG120024 ","NAROCASS 1","C","B",43,"Luwero","Female",32.52291,0.842925,2019-05-07,2020-05-06,1
"UG120180","NAROCASS 1","MM16/0707","B","C",42,"Luwero","Female",32.60458,0.6415783,2019-05-08,2020-05-07,1
"MM16/1627  ","UG130016 ","UG120124","A","B",45,"Luwero","Male",32.60577,0.6407183,2019-05-08,2020-05-07,1
"UG120193","UG120024 ","UG130007","C","B",45,"Luwero","Male",32.59716,0.6472717,2019-05-08,2020-05-07,1
"MM06/123","UG120156","UG120198","B","A",27,"Luwero","Male",32.60185,0.6512233,2019-05-08,2020-05-07,1
"UG130007","MM06/123","NAROCASS 1","C","B",31,"Luwero","Female",32.60432,0.6344917,2019-04-29,2020-04-28,1
"UG120124","UG120198","UG120180","A","B",45,"Luwero","Female",32.61346,0.6339067,2019-04-29,2020-04-28,1
"UG130016 ","MM16/0707","UG120193","A","B",50,"Luwero","Female",32.60093,0.6333017,2019-05-08,2020-05-07,1
"MM16/0707","UG120180","UG130007","C","B",50,"Luwero","Female",32.61075,0.6357817,2019-04-08,2020-04-07,1
"NAROCASS 1","UG120156","UG130016 ","A","B",42,"Luwero","Female",32.60483,0.6330917,2019-05-08,2020-05-07,1
"UG120024 ","UG120124","UG120198","B","A",52,"Luwero","Female",32.64245,0.7091167,2019-05-08,2020-05-07,1
"MM16/0707","UG130007","UG120124","B","A",45,"Luwero","Female",32.65454,0.70644,2019-05-07,2020-05-06,1
"UG120198","NAROCASS 1","MM16/1627  ","B","A",28,"Luwero","Female",32.635,0.7025217,2019-05-08,2020-05-07,1
"MM06/123","UG120024 ","UG120156","A","B",43,"Luwero","Male",32.6302,0.7090167,2019-05-08,2020-05-07,1
"UG120156","UG130007","UG120193","A","C",40,"Luwero","Female",32.64626,0.724745,2019-05-08,2020-05-07,1
"MM06/123","UG120198","UG120180","C","B",58,"Luwero","Male",32.63195,0.7164233,2019-05-08,2020-05-07,1
"UG130016 ","MM16/1627  ","MM16/0707","C","B",38,"Luwero","Female",32.63978,0.7139583,2019-05-08,2020-05-07,1
"NAROCASS 1","UG120180","UG120124","A","B",53,"Luwero","Female",32.63981,0.7187433,2019-05-08,2020-05-07,1
"UG120193","UG130016 ","NAROCASS 1","B","A",32,"Arua","Male",30.93418,2.815143,2019-04-28,2020-04-27,1
"UG120156","MM16/0707","UG120198","C","B",23,"Arua","Female",30.93194,2.82158,2019-04-28,2020-04-27,1
"UG120124","UG120193","UG120024 ","A","C",40,"Arua","Female",30.93909,2.827038,2019-04-29,2020-04-28,1
"UG130016 ","UG120124","MM16/0707","B","C",52,"Arua","Female",30.93835,2.828263,2019-04-28,2020-04-27,1
"MM16/1627  ","UG120193","UG120180","B","C",40,"Arua","Male",30.96203,2.833728,2019-04-28,2020-04-27,1
"UG120024 ","NAROCASS 1","MM06/123","C","A",55,"Arua","Male",30.97039,2.835933,2019-04-28,2020-04-27,1
"UG120198","UG130007","UG120156","B","C",32,"Arua","Male",30.95831,2.83588,2019-04-28,2020-04-27,1
"UG120180","MM06/123","UG120156","B","C",34,"Arua","Male",30.9792,2.830262,2019-04-28,2020-04-27,1
"UG130007","UG120198","UG130016 ","A","C",24,"Arua","Female",30.95863,2.829781,2019-04-28,2020-04-27,1
"UG120193","UG130016 ","NAROCASS 1","A","B",26,"Arua","Male",30.97214,2.961088,2019-04-30,2020-04-29,1
"MM06/123","UG120124","UG130007","C","A",27,"Arua","Male",30.97184,2.9593,2019-04-29,2020-04-28,1
"UG120024 ","MM16/0707","UG120198","C","A",39,"Arua","Male",30.94491,2.966975,2019-04-30,2020-04-29,1
"MM16/1627  ","UG120156","UG120124","A","B",28,"Arua","Male",30.95513,2.955888,2019-04-30,2020-04-29,1
"NAROCASS 1","UG120180","UG120193","A","B",25,"Arua","Male",30.95624,2.955813,2019-04-30,2020-04-29,1
"UG120156","UG120193","MM16/1627  ","B","C",26,"Arua","Male",30.95124,2.956962,2019-04-29,2020-04-28,1
"UG120180","UG120024 ","NAROCASS 1","C","A",28,"Arua","Male",30.95236,2.954731,2019-04-30,2020-04-29,1
"UG120124","UG120198","MM16/0707","C","B",41,"Arua","Male",30.94947,2.956627,2019-04-30,2020-04-29,1
"UG130016 ","UG130007","MM06/123","B","C",42,"Arua","Male",30.95004,2.958666,2019-04-30,2020-04-29,1
"NAROCASS 1","MM16/0707","MM06/123","B","C",27,"Arua","Male",30.97033,2.954402,2019-04-29,2020-04-28,1
"UG120024 ","MM16/1627  ","UG130016 ","B","A",38,"Arua","Female",30.95748,2.947031,2019-04-30,2020-04-29,1
"UG120198","UG120180","UG130007","C","B",32,"Arua","Female",30.95237,2.945458,2019-04-30,2020-04-29,1
"UG120193","UG120198","UG120024 ","A","C",40,"Arua","Male",30.95726,2.944787,2019-04-30,2020-04-29,1
"UG120124","UG130016 ","UG120156","A","C",42,"Arua","Female",30.95633,2.947482,2019-04-30,2020-04-29,1
"UG130007","NAROCASS 1","MM16/1627  ","A","C",28,"Arua","Male",30.95175,2.940237,2019-04-30,2020-04-29,1
"MM16/0707","UG120193","UG120180","B","A",40,"Arua","Male",30.9586,2.945997,2019-04-30,2020-04-29,1
"UG120156","UG120180","UG120024 ","B","C",50,"Arua","Male",30.95632,2.94765,2019-04-30,2020-04-29,1
"NAROCASS 1","UG120124","UG120198","B","C",42,"Arua","Male",30.95662,2.948527,2019-04-28,2020-04-27,1
"UG130007","UG120156","MM16/0707","A","B",28,"Arua","Female",30.97878,2.850455,2019-04-29,2020-04-28,1
"MM16/1627  ","UG120024 ","MM06/123","A","B",19,"Arua","Female",30.96615,2.848675,2019-04-29,2020-04-28,1
"UG120180","MM16/1627  ","UG130016 ","C","B",45,"Arua","Female",30.96971,2.846469,2019-04-29,2020-04-28,1
"MM16/0707","UG120124","NAROCASS 1","A","C",39,"Arua","Male",30.97004,2.846814,2019-04-29,2020-04-28,1
"UG120198","MM06/123","UG120193","A","B",55,"Arua","Male",30.97161,2.8538,2019-04-28,2020-04-27,1
"UG120156","UG130007","UG120124","C","A",27,"Arua","Female",30.97828,2.850645,2019-04-29,2020-04-28,1
"MM16/1627  ","UG120198","UG130007","C","A",30,"Arua","Female",30.98383,2.86142,2019-04-29,2020-04-28,1
"UG120193","NAROCASS 1","UG120024 ","A","C",60,"Arua","Male",30.97674,2.849943,2019-04-29,2020-04-28,1
"UG130016 ","MM16/0707","UG120180","C","B",30,"Arua","Male",30.97208,2.851493,2019-04-28,2020-04-27,1
"MM06/123","UG130016 ","UG120124","B","A",45,"Dokolo","Female",33.12637,2.012037,2019-04-27,2020-04-26,1
"UG120180","NAROCASS 1","UG120198","B","C",41,"Dokolo","Female",33.12398,2.011112,2019-04-27,2020-04-26,1
"UG120193","UG130007","MM16/1627  ","A","C",40,"Dokolo","Male",33.13057,2.008462,2019-04-26,2020-04-25,1
"UG130007","UG120193","MM16/0707","A","C",70,"Dokolo","Male",33.12931,2.004073,2019-04-27,2020-04-26,1
"MM06/123","UG120193","UG130007","C","A",27,"Dokolo","Female",33.12701,2.004828,2019-04-27,2020-04-26,1
"NAROCASS 1","UG130016 ","MM16/0707","B","A",45,"Dokolo","Female",33.13256,1.938516,2019-04-27,2020-04-26,1
"UG120156","UG120024 ","UG120193","B","A",50,"Dokolo","Female",33.1299,1.937043,2019-04-27,2020-04-26,1
"UG130016 ","MM06/123","UG120180","C","B",42,"Dokolo","Male",33.12879,1.938588,2019-04-27,2020-04-26,1
"MM16/0707","UG120024 ","NAROCASS 1","C","B",45,"Dokolo","Female",33.12783,1.939636,2019-04-27,2020-04-26,1
"UG120124","MM16/1627  ","UG130007","A","B",22,"Dokolo","Female",33.12973,1.939112,2019-04-29,2020-04-28,1
"UG120198","UG120180","UG120156","C","B",45,"Dokolo","Female",33.13061,1.938402,2019-04-27,2020-04-26,1
"NAROCASS 1","UG120198","MM06/123","B","C",29,"Dokolo","Male",33.11799,1.946293,2019-04-27,2020-04-26,1
"UG120024 ","UG130007","UG120156","B","A",42,"Dokolo","Male",33.13882,1.946105,2019-04-27,2020-04-26,1
"UG120156","UG120124","UG120198","B","C",45,"Dokolo","Male",33.22715,1.96403,2019-04-26,2020-04-25,1
"MM16/1627  ","UG130016 ","NAROCASS 1","B","A",34,"Dokolo","Female",33.22957,1.960862,2019-04-26,2020-04-25,1
"MM06/123","UG120193","UG120024 ","B","A",48,"Dokolo","Male",33.23127,1.956998,2019-04-26,2020-04-25,1
"UG130007","MM06/123","UG120180","A","B",48,"Dokolo","Male",33.22742,1.957665,2019-04-26,2020-04-25,1
"UG120124","MM16/1627  ","UG120193","C","A",55,"Dokolo","Male",33.22497,1.952485,2019-04-26,2020-04-25,1
"UG130007","NAROCASS 1","MM16/0707","C","A",26,"Dokolo","Female",33.20315,1.937358,2019-04-26,2020-04-25,1
"UG120180","UG120156","MM16/1627  ","A","C",27,"Dokolo","Male",33.218,1.955042,2019-04-26,2020-04-25,1
"UG120024 ","MM16/0707","UG120124","C","A",27,"Dokolo","Female",33.23122,1.950723,2019-04-26,2020-04-25,1
"UG120198","UG130016 ","UG120193","B","A",40,"Dokolo","Female",33.23147,1.949292,2019-04-26,2020-04-25,1
"NAROCASS 1","UG120156","UG120024 ","A","C",40,"Dokolo","Male",33.12613,1.878458,2019-04-26,2020-04-25,1
"MM06/123","UG120180","UG120198","B","C",34,"Dokolo","Male",33.1299,1.86257,2019-04-26,2020-04-25,1
"UG130016 ","UG130007","UG120156","B","C",37,"Dokolo","Female",33.14272,1.900705,2019-04-26,2020-04-25,1
"UG120193","NAROCASS 1","MM06/123","B","C",35,"Dokolo","Female",33.14031,1.886942,2019-04-26,2020-04-25,1
"UG120180","UG120124","UG130007","A","B",46,"Dokolo","Male",33.18372,1.923368,2019-04-26,2020-04-25,1
"MM16/0707","UG120193","MM06/123","B","A",47,"Dokolo","Male",33.13193,1.894703,2019-04-29,2020-04-28,1
"UG120124","UG130016 ","NAROCASS 1","C","A",42,"Dokolo","Male",33.1333,1.892698,2019-04-26,2020-04-25,1
"UG120156","MM16/0707","MM16/1627  ","C","B",30,"Dokolo","Male",33.1304,1.888586,2019-04-26,2020-04-25,1
"MM16/1627  ","UG120124","UG120180","A","C",32,"Kaberamaido","Female",33.19928,1.739247,2019-04-28,2020-04-27,1
"UG120198","UG120156","UG120193","C","A",39,"Kaberamaido","Female",33.199,1.735605,2019-04-27,2020-04-26,1
"NAROCASS 1","MM06/123","UG120180","A","B",46,"Kaberamaido","Female",33.19788,1.737595,2019-04-28,2020-04-27,1
"UG130016 ","UG120024 ","UG130007","A","B",43,"Kaberamaido","Male",33.20184,1.741407,2019-04-28,2020-04-27,1
"MM06/123","UG120156","UG130016 ","C","A",36,"Kaberamaido","Female",33.19987,1.737412,2019-04-27,2020-04-26,1
"UG120193","NAROCASS 1","UG130007","A","C",38,"Kaberamaido","Female",33.20037,1.733093,2019-04-27,2020-04-26,1
"UG120198","UG120180","UG120024 ","A","C",62,"Kaberamaido","Male",33.19947,1.734438,2019-04-28,2020-04-27,1
"MM16/0707","MM06/123","UG120124","B","A",35,"Kaberamaido","Female",33.2056,1.734887,2019-04-28,2020-04-27,1
"UG130016 ","UG120198","MM16/1627  ","C","B",54,"Kaberamaido","Female",33.20712,1.742188,2019-04-28,2020-04-27,1
"UG120193","MM16/0707","UG120156","C","A",50,"Kaberamaido","Male",33.20195,1.740138,2019-04-28,2020-04-27,1
"UG120124","UG120024 ","NAROCASS 1","A","B",40,"Mityana","Male",33.18527,1.827973,2019-04-28,2020-04-27,1
"UG120180","MM16/1627  ","MM16/0707","B","A",30,"Kaberamaido","Female",33.2036,1.82507,2019-04-27,2020-04-26,1
"UG130007","UG120198","MM06/123","A","B",64,"Kaberamaido","Female",33.20325,1.825387,2019-04-28,2020-04-27,1
"UG120124","UG120193","UG120180","B","C",65,"Kaberamaido","Male",33.18782,1.82874,2019-04-27,2020-04-26,1
"UG130007","MM16/1627  ","UG120156","A","C",60,"Kaberamaido","Female",33.19996,1.827915,2019-04-28,2020-04-27,1
"MM06/123","NAROCASS 1","UG130016 ","C","A",30,"Kaberamaido","Male",33.20081,1.828352,2019-04-28,2020-04-27,1
"UG120156","UG120198","UG120024 ","A","C",52,"Kaberamaido","Male",33.18505,1.82877,2019-04-28,2020-04-27,1
"UG130016 ","UG130007","UG120124","C","B",21,"Kaberamaido","Male",33.18841,1.827943,2019-04-28,2020-04-27,1
"NAROCASS 1","MM16/0707","MM16/1627  ","C","A",29,"Kaberamaido","Male",33.19654,1.829423,2019-04-28,2020-04-27,1
"MM16/0707","UG120156","MM06/123","B","A",33,"Kaberamaido","Male",33.23774,1.897192,2019-04-28,2020-04-27,1
"UG120024 ","UG120124","UG130016 ","C","A",64,"Kaberamaido","Male",33.24287,1.883272,2019-04-28,2020-04-27,1
"MM16/1627  ","UG120193","UG120198","C","B",51,"Kaberamaido","Male",33.23706,1.89579,2019-04-28,2020-04-27,1
"UG120156","UG120180","NAROCASS 1","C","B",40,"Kaberamaido","Female",33.24385,1.894752,2019-04-28,2020-04-27,1
"UG120198","UG130007","MM16/0707","B","C",24,"Kaberamaido","Female",33.24669,1.895767,2019-04-28,2020-04-27,1
"UG120193","UG130016 ","UG130007","B","C",42,"Kaberamaido","Male",33.23703,1.896287,2019-04-28,2020-04-27,1
"NAROCASS 1","MM06/123","UG120124","A","C",39,"Kaberamaido","Female",33.24419,1.89527,2019-04-28,2020-04-27,1
"UG120180","MM16/1627  ","UG120024 ","B","C",29,"Kaberamaido","Male",33.23788,1.893568,2019-04-28,2020-04-27,1
"MM06/123","UG120193","UG120180","B","A",32,"Kaberamaido","Male",33.25355,1.890503,2019-04-28,2020-04-27,1
"UG120156","UG130016 ","UG120198","A","C",29,"Kaberamaido","Female",33.25032,1.886962,2019-04-28,2020-04-27,1
"UG130007","UG120024 ","NAROCASS 1","C","B",67,"Kaberamaido","Female",33.31713,1.887335,2019-04-27,2020-04-26,1
"MM16/0707","NAROCASS 1","MM16/1627  ","B","A",24,"Kaberamaido","Male",33.31339,1.885797,2019-04-28,2020-04-27,1
"UG120024 ","UG120124","UG120156","B","A",54,"Kaberamaido","Male",33.31342,1.888618,2019-04-28,2020-04-27,1
"MM16/1627  ","UG130016 ","MM06/123","B","A",30,"Kaberamaido","Female",33.32305,1.887467,2019-04-28,2020-04-27,1
"UG120124","UG120198","UG120193","A","B",44,"Kaberamaido","Male",33.32947,1.889642,2019-04-27,2020-04-26,1
"UG120180","UG120156","MM16/0707","B","C",47,"Kaberamaido","Female",33.32613,1.888683,2019-04-28,2020-04-27,1
"UG120198","MM16/0707","UG130007","A","B",60,"Kaberamaido","Male",33.31967,1.896458,2019-04-28,2020-04-27,1
"UG130016 ","UG130007","UG120124","A","B",31,"Kaberamaido","Female",33.31247,1.889702,2019-04-28,2020-04-27,1
"UG120193","MM16/1627  ","UG120024 ","A","C",38,"Kaberamaido","Male",33.31216,1.88975,2019-04-28,2020-04-27,1
"MM06/123","UG120124","UG120180","B","C",49,"Kaberamaido","Female",33.32152,1.892395,2019-04-28,2020-04-27,1
"NAROCASS 1","UG120180","UG130016 ","A","C",45,"Serere","Male",33.36567,1.474792,2019-04-27,2020-04-26,1
"UG130007","UG120024 ","MM06/123","A","B",45,"Serere","Male",33.35794,1.47831,2019-04-27,2020-04-26,1
"MM16/1627  ","UG120156","UG120198","A","C",47,"Serere","Male",33.3685,1.480192,2019-04-27,2020-04-26,1
"MM16/0707","UG120024 ","UG130016 ","B","A",38,"Serere","Male",33.36698,1.477528,2019-04-27,2020-04-26,1
"NAROCASS 1","MM06/123","MM16/1627  ","A","C",44,"Serere","Female",33.36783,1.474,2019-04-27,2020-04-26,1
"UG120198","UG120193","UG120180","B","C",37,"Serere","Female",33.36147,1.472232,2019-04-27,2020-04-26,1
"UG130016 ","UG130007","MM16/0707","B","C",40,"Serere","Female",33.35873,1.46678,2019-04-27,2020-04-26,1
"UG120193","UG120124","UG130007","A","B",36,"Serere","Female",33.36403,1.47458,2019-04-27,2020-04-26,1
"MM16/0707","UG120198","NAROCASS 1","C","A",39,"Serere","Male",33.35699,1.478195,2019-04-27,2020-04-26,1
"UG120124","MM06/123","UG120193","C","B",50,"Serere","Female",33.35824,1.437022,2019-04-28,2020-04-27,1
"UG130007","NAROCASS 1","UG120156","B","C",34,"Serere","Female",33.35574,1.432237,2019-04-28,2020-04-27,1
"UG120024 ","MM16/1627  ","NAROCASS 1","C","A",40,"Serere","Female",33.35753,1.43158,2019-04-28,2020-04-27,1
"MM06/123","MM16/0707","UG120180","A","C",49,"Serere","Female",33.35575,1.430715,2019-04-27,2020-04-26,1
"UG120156","UG120193","MM16/1627  ","B","A",25,"Serere","Female",33.35503,1.430372,2019-04-27,2020-04-26,1
"UG120198","UG130016 ","UG120124","B","A",46,"Serere","Male",33.35511,1.4294,2019-04-27,2020-04-26,1
"UG120024 ","UG120124","UG130007","B","A",38,"Serere","Male",33.36241,1.431767,2019-04-28,2020-04-27,1
"NAROCASS 1","UG120024 ","MM16/0707","A","B",53,"Serere","Female",33.54206,1.500743,2019-04-27,2020-04-26,1
"UG130007","MM16/1627  ","UG130016 ","B","A",44,"Serere","Female",33.55246,1.505148,2019-04-27,2020-04-26,1
"UG120180","UG120156","UG120193","A","C",25,"Serere","Male",33.56371,1.508385,2019-04-27,2020-04-26,1
"UG120124","MM06/123","UG120198","A","C",35,"Serere","Female",33.56343,1.497282,2019-04-27,2020-04-26,1
"MM06/123","UG130007","UG120156","C","A",48,"Serere","Female",33.54999,1.505953,2019-04-27,2020-04-26,1
"MM16/1627  ","UG120180","NAROCASS 1","C","B",29,"Serere","Male",33.55209,1.497415,2019-04-27,2020-04-26,1
"MM16/0707","UG120180","UG120024 ","B","A",26,"Serere","Male",33.56565,1.508583,2019-04-27,2020-04-26,1
"UG130016 ","UG120156","UG120193","C","B",53,"Serere","Female",33.54912,1.513662,2019-04-27,2020-04-26,1
"UG120198","NAROCASS 1","UG130007","C","A",28,"Serere","Female",33.54752,1.509272,2019-04-27,2020-04-26,1
"UG120180","UG130016 ","UG120124","B","A",53,"Serere","Male",33.60994,1.51856,2019-04-27,2020-04-26,1
"UG120193","MM16/0707","MM16/1627  ","B","A",40,"Serere","Female",33.606,1.520525,2019-04-27,2020-04-26,1
"UG120024 ","UG120198","UG130016 ","C","A",52,"Serere","Female",33.60778,1.518662,2019-04-27,2020-04-26,1
"UG130007","MM16/1627  ","MM06/123","A","B",38,"Serere","Female",33.60592,1.517083,2019-04-27,2020-04-26,1
"UG120156","NAROCASS 1","UG120124","B","A",50,"Serere","Female",33.60505,1.50977,2019-04-27,2020-04-26,1
"MM16/0707","UG120193","UG120024 ","B","C",31,"Serere","Female",33.60733,1.515023,2019-04-27,2020-04-26,1
"UG130016 ","MM06/123","UG120198","B","C",47,"Serere","Male",33.60382,1.515608,2019-04-27,2020-04-26,1
"MM16/1627  ","MM06/123","UG120156","B","A",29,"Serere","Male",33.60841,1.514718,2019-04-27,2020-04-26,1
"UG120180","UG120024 ","MM16/0707","C","B",50,"Serere","Female",33.60619,1.520108,2019-04-27,2020-04-26,1
"NAROCASS 1","UG120124","UG130007","A","B",32,"Serere","Male",33.60803,1.510528,2019-04-27,2020-04-26,1
"UG15F140P003","UG15F302P513","UG15F106P002","B","C",35,"Serere","Female",33.63203,1.444353,2021-09-27,2022-09-27,2
"UG110164","MM20180054","UG15F170P507","A","C",60,"Serere","Male",33.64214,1.462098,2021-09-27,2022-09-27,2
"UG15F302P513","UG15F106P002","UG15FF265P001","C","B",30,"Serere","Male",33.62013,1.462611,2021-09-27,2022-09-27,2
"MM20180054","UGC14170","UG15F177P502","B","A",49,"Serere","Male",33.63654,1.437609,2021-09-27,2022-09-27,2
"NAROCASS 1","UG15F302P513","UGC14170","A","C",27,"Serere","Male",33.63632,1.4402,2021-09-27,2022-09-27,2
"UGC14170","UG15F170P507","UG15F177P502","C","A",44,"Serere","Female",33.60718,1.51114,2021-09-27,2022-09-27,2
"MM20180054","UGC14170","UG15F302P513","B","C",51,"Serere","Female",33.60523,1.509553,2021-09-27,2022-09-27,2
"UG15F140P003","UG15F177P502","UG110164","C","B",30,"Serere","Male",33.60198,1.512475,2021-09-27,2022-09-27,2
"UG15F302P513","UG15F140P003","UG15F177P502","A","B",49,"Serere","Male",33.6057,1.516315,2021-09-27,2022-09-27,2
"NAROCASS 1","UG15FF265P001","MM20180054","A","C",28,"Serere","Female",33.60948,1.514349,2021-09-27,2022-09-27,2
"UG15F140P003","UG15FF265P001","MM20180054","C","B",30,"Serere","Male",33.60237,1.520692,2021-09-27,2022-09-27,2
"UG15F177P502","UG15F170P507","UG110164","C","A",32,"Serere","Male",33.60991,1.511924,2021-09-27,2022-09-27,2
"UG15F106P002","NAROCASS 1","UGC14170","B","A",31,"Serere","Male",33.60979,1.513299,2021-09-27,2022-09-27,2
"UG15FF265P001","UGC14170","UG15F302P513","B","A",34,"Serere","Male",33.42763,1.421295,2021-09-26,2022-09-26,2
"UG15F177P502","UG15F106P002","UG15F140P003","A","B",41,"Serere","Male",33.41795,1.421868,2021-09-26,2022-09-26,2
"UG15F302P513","UG15F177P502","MM20180054","C","B",47,"Serere","Male",33.42674,1.422668,2021-09-26,2022-09-26,2
"UG15F140P003","UGC14170","UG15FF265P001","A","C",41,"Serere","Female",33.36416,1.473566,2021-09-25,2022-09-25,2
"UG15F177P502","NAROCASS 1","UG15F170P507","B","C",40,"Serere","Female",33.36781,1.47753,2021-09-25,2022-09-25,2
"UG15F140P003","UG110164","MM20180054","C","B",41,"Serere","Female",33.36206,1.46597,2021-09-25,2022-09-25,2
"NAROCASS 1","UGC14170","MM20180054","B","A",39,"Serere","Female",33.35832,1.466119,2021-09-26,2022-09-26,2
"UG15F177P502","UG15F106P002","UG15FF265P001","B","C",48,"Serere","Male",33.36611,1.475071,2021-09-25,2022-09-25,2
"UG110164","UG15F170P507","NAROCASS 1","C","B",35,"Serere","Male",33.36817,1.476869,2021-09-25,2022-09-25,2
"NAROCASS 1","UG15F140P003","UG15F302P513","C","B",32,"Serere","Female",33.36761,1.475963,2021-09-25,2022-09-25,2
"UG15F106P002","UG15FF265P001","UG15F140P003","C","A",49,"Tororo","Female",34.06877,0.7972727,2021-09-30,2022-09-30,2
"MM20180054","UG15F302P513","UG15F177P502","C","B",66,"Tororo","Female",34.05633,0.796043,2021-09-30,2022-09-30,2
"UG15F106P002","UG110164","NAROCASS 1","B","A",28,"Tororo","Female",34.06749,0.8023875,2021-09-30,2022-09-30,2
"UG15F140P003","MM20180054","UG15F170P507","A","B",45,"Tororo","Male",34.06881,0.7971407,2021-09-30,2022-09-30,2
"UG15F177P502","UG15F140P003","UG110164","A","B",58,"Tororo","Male",34.07047,0.7935067,2021-09-30,2022-09-30,2
"MM20180054","NAROCASS 1","UG15FF265P001","C","A",36,"Tororo","Female",34.06803,0.7947563,2021-09-30,2022-09-30,2
"UGC14170","UG15F177P502","UG15F106P002","A","C",45,"Tororo","Female",34.06649,0.7968343,2021-09-30,2022-09-30,2
"NAROCASS 1","UG15F302P513","UG15F170P507","A","C",44,"Tororo","Female",34.06561,0.7963094,2021-09-30,2022-09-30,2
"UG15F170P507","UG15F106P002","UG15F302P513","C","A",60,"Tororo","Female",34.0697,0.8007613,2021-09-30,2022-09-30,2
"UG15F140P003","UGC14170","UG15F177P502","B","A",52,"Tororo","Male",34.06883,0.8043457,2021-09-30,2022-09-30,2
"UG15F302P513","UG15FF265P001","UG15F140P003","A","C",49,"Tororo","Female",34.06488,0.7537348,2021-09-30,2022-09-30,2
"UG110164","UG15F106P002","NAROCASS 1","A","B",51,"Tororo","Female",34.06476,0.7521432,2021-09-30,2022-09-30,2
"UG15F170P507","UGC14170","MM20180054","B","C",49,"Tororo","Female",34.06639,0.7157171,2021-09-30,2022-09-30,2
"UG15F177P502","NAROCASS 1","UG15F302P513","C","A",53,"Tororo","Female",34.071,0.7515711,2021-09-30,2022-09-30,2
"UG110164","MM20180054","UG15F140P003","C","B",46,"Tororo","Female",34.06707,0.7512034,2021-09-30,2022-09-30,2
"UG15FF265P001","UG15F170P507","UG15F177P502","A","C",49,"Tororo","Female",34.06541,0.7501853,2021-09-30,2022-09-30,2
"UGC14170","UG15FF265P001","UG15F106P002","A","C",55,"Tororo","Female",34.06789,0.7519976,2021-09-30,2022-09-30,2
"MM20180054","NAROCASS 1","UGC14170","A","C",51,"Tororo","Male",34.06754,0.7545044,2021-09-30,2022-09-30,2
"UG15F302P513","UG110164","UG15F170P507","B","C",27,"Tororo","Female",34.07111,0.7514084,2021-09-30,2022-09-30,2
"UG15F106P002","UG15F140P003","UG15F177P502","C","A",31,"Tororo","Female",34.06535,0.7502847,2021-09-30,2022-09-30,2
"NAROCASS 1","UG15F170P507","UG15F140P003","A","C",22,"Tororo","Female",34.06482,0.752291,2021-09-30,2022-09-30,2
"UG15F106P002","UG15F302P513","UG15FF265P001","B","A",27,"Tororo","Female",34.06458,0.7511485,2021-09-30,2022-09-30,2
"UGC14170","UG15F177P502","UG110164","C","A",45,"Tororo","Female",34.09764,0.8091435,2021-10-01,2022-10-01,2
"UG15F140P003","UG110164","MM20180054","B","A",43,"Tororo","Female",34.09105,0.809638,2021-10-01,2022-10-01,2
"UG15F170P507","UGC14170","UG15FF265P001","B","C",41,"Tororo","Female",34.10682,0.8068282,2021-10-01,2022-10-01,2
"UG15F177P502","MM20180054","UG15F170P507","B","A",60,"Tororo","Male",34.09756,0.8089936,2021-10-01,2022-10-01,2
"UG15F140P003","UG15F106P002","NAROCASS 1","C","B",32,"Tororo","Female",34.09857,0.8013969,2021-10-01,2022-10-01,2
"UG15F170P507","UGC14170","UG110164","B","C",47,"Tororo","Female",34.09129,0.8095678,2021-10-01,2022-10-01,2
"MM20180054","NAROCASS 1","UG15F170P507","B","A",35,"Tororo","Male",34.10689,0.7969537,2021-10-01,2022-10-01,2
"UGC14170","UG15F302P513","UG15F106P002","A","B",55,"Tororo","Female",34.07779,0.7861779,2021-10-01,2022-10-01,2
"UG15F170P507","UG15F140P003","UG15F106P002","B","C",42,"Tororo","Male",34.07655,0.7863337,2021-10-01,2022-10-01,2
"UG15FF265P001","UG110164","MM20180054","A","B",47,"Tororo","Male",34.07341,0.789917,2021-10-01,2022-10-01,2
"UG15F106P002","NAROCASS 1","UG15F177P502","B","A",45,"Tororo","Male",34.07047,0.788076,2021-10-01,2022-10-01,2
"UG15F140P003","UGC14170","UG110164","A","C",29,"Tororo","Male",34.0787,0.7852566,2021-10-01,2022-10-01,2
"MM20180054","UG15F302P513","UG15FF265P001","C","B",45,"Busia","Female",33.94553,0.2492836,2021-10-03,2022-10-03,2
"UGC14170","UG15F106P002","UG15F170P507","C","A",20,"Busia","Female",33.94493,0.2482197,2021-10-03,2022-10-03,2
"NAROCASS 1","UG15FF265P001","UG15F140P003","A","C",54,"Busia","Female",33.94515,0.248034,2021-10-03,2022-10-03,2
"UG110164","UG15F177P502","MM20180054","B","C",25,"Busia","Male",33.944,0.2471969,2021-10-03,2022-10-03,2
"UG15F106P002","MM20180054","UG110164","B","A",58,"Busia","Female",33.94958,0.2412514,2021-10-03,2022-10-03,2
"UG15F302P513","UG15F177P502","UGC14170","B","C",50,"Busia","Female",33.94971,0.2418346,2021-10-03,2022-10-03,2
"UG15F170P507","UG15F140P003","NAROCASS 1","A","C",52,"Busia","Female",33.95056,0.2444538,2021-10-03,2022-10-03,2
"UG15FF265P001","UG110164","UG15F170P507","A","C",28,"Busia","Female",33.94611,0.2472017,2021-10-03,2022-10-03,2
"NAROCASS 1","UG15F302P513","UG15F106P002","A","B",50,"Busia","Male",33.94709,0.246362,2021-10-03,2022-10-03,2
"UG15F140P003","MM20180054","UG15F177P502","A","B",21,"Busia","Female",33.94465,0.2474639,2021-10-03,2022-10-03,2
"UGC14170","UG15FF265P001","UG15F140P003","C","B",57,"Busia","Male",33.94958,0.2462317,2021-10-03,2022-10-03,2
"UG15F177P502","UG15F302P513","UG15FF265P001","C","B",53,"Busia","Female",33.93949,0.2579312,2021-10-03,2022-10-03,2
"UG110164","UG15F106P002","UGC14170","A","B",32,"Busia","Male",33.93884,0.2795132,2021-10-03,2022-10-03,2
"UG15F170P507","UGC14170","UG15F177P502","C","A",50,"Busia","Female",33.92986,0.2779184,2021-10-03,2022-10-03,2
"UG15F106P002","UG110164","MM20180054","C","B",42,"Busia","Female",33.93798,0.2850116,2021-10-03,2022-10-03,2
"UG15F140P003","NAROCASS 1","UG15F302P513","C","B",45,"Busia","Female",33.93815,0.2792375,2021-10-03,2022-10-03,2
"UG15F177P502","UG15F170P507","UG110164","C","A",24,"Busia","Male",33.93888,0.2795277,2021-10-03,2022-10-03,2
"MM20180054","UG15F177P502","UG15F140P003","B","C",52,"Busia","Female",33.94032,0.2804817,2021-10-03,2022-10-03,2
"UG15F140P003","MM20180054","UG15FF265P001","B","A",40,"Busia","Female",33.92953,0.2762053,2021-10-03,2022-10-03,2
"UGC14170","UG110164","NAROCASS 1","B","C",28,"Busia","Male",33.93859,0.2794079,2021-10-03,2022-10-03,2
"UG15F302P513","UG15F140P003","UGC14170","B","C",35,"Busia","Male",33.9305,0.4985642,2021-10-02,2022-10-02,2
"NAROCASS 1","UG15F177P502","UG15F170P507","A","C",32,"Busia","Female",33.94956,0.5129946,2021-10-02,2022-10-02,2
"UG110164","UG15FF265P001","UG15F106P002","A","B",45,"Busia","Male",33.94935,0.5166387,2021-10-02,2022-10-02,2
"UGC14170","MM20180054","UG15F170P507","C","A",40,"Busia","Female",33.94843,0.4996886,2021-10-02,2022-10-02,2
"UG110164","UG15F140P003","UG15F302P513","A","C",42,"Busia","Female",33.93097,0.506733,2021-10-02,2022-10-02,2
"UG15F170P507","UG15F302P513","UG15F106P002","A","B",45,"Busia","Female",33.946,0.5020702,2021-10-02,2022-10-02,2
"MM20180054","UG15F170P507","UG15F177P502","C","B",50,"Busia","Male",33.98445,0.463953,2021-10-02,2022-10-02,2
"UG15FF265P001","UG15F106P002","MM20180054","A","C",40,"Busia","Male",33.96954,0.4569617,2021-10-02,2022-10-02,2
"UG15F302P513","UGC14170","UG110164","A","B",31,"Busia","Male",33.96064,0.4690686,2021-10-02,2022-10-02,2
"UG15F177P502","UG15FF265P001","UG15F140P003","A","C",49,"Busia","Male",33.95374,0.4624975,2021-10-02,2022-10-02,2
"NAROCASS 1","MM20180054","UG15F177P502","C","B",27,"Busia","Male",33.99123,0.4606063,2021-10-02,2022-10-02,2
"UG15F302P513","UG15F140P003","UG15FF265P001","A","C",22,"Busia","Male",33.95286,0.4665088,2021-10-02,2022-10-02,2
"UG15F170P507","UG15FF265P001","MM20180054","B","A",48,"Busia","Female",33.97802,0.4666487,2021-10-02,2022-10-02,2
"UG15F177P502","UG15F170P507","UG15F302P513","A","B",57,"Dokolo","Male",33.10372,2.023823,2021-09-29,2022-09-29,2
"MM20180054","UG15F302P513","UGC14170","B","A",35,"Dokolo","Female",33.09882,2.007729,2021-09-29,2022-09-29,2
"UG15F177P502","UG15F106P002","MM20180054","C","B",35,"Dokolo","Male",33.10225,2.021978,2021-09-29,2022-09-29,2
"UG15FF265P001","UGC14170","UG110164","B","C",31,"Dokolo","Female",33.09846,2.020674,2021-09-29,2022-09-29,2
"UG15F170P507","UG110164","UG15F106P002","C","B",35,"Dokolo","Male",33.10633,2.016391,2021-09-29,2022-09-29,2
"UG15F302P513","UG15FF265P001","UG15F177P502","B","C",35,"Dokolo","Male",33.1042,2.016353,2021-09-29,2022-09-29,2
"UGC14170","UG15F170P507","NAROCASS 1","C","A",33,"Dokolo","Male",33.10362,2.017244,2021-09-29,2022-09-29,2
"MM20180054","UG15F140P003","UG15FF265P001","A","B",38,"Dokolo","Female",33.12796,1.938424,2021-09-29,2022-09-29,2
"UG15F170P507","UG15F177P502","UG15F140P003","A","B",48,"Dokolo","Male",33.12916,1.937782,2021-09-29,2022-09-29,2
"NAROCASS 1","UG110164","MM20180054","C","B",51,"Dokolo","Male",33.12769,1.939387,2021-09-29,2022-09-29,2
"UG15F302P513","UG15F177P502","UG15F106P002","A","B",31,"Dokolo","Male",33.11807,1.946322,2021-09-29,2022-09-29,2
"UG15FF265P001","UGC14170","UG15F170P507","A","C",48,"Dokolo","Male",33.11883,1.94234,2021-09-29,2022-09-29,2
"UG15F140P003","MM20180054","UG15F302P513","A","C",60,"Dokolo","Female",33.1306,1.938948,2021-09-29,2022-09-29,2
"UGC14170","UG15F106P002","UG15FF265P001","B","A",26,"Dokolo","Female",33.13187,1.938437,2021-09-29,2022-09-29,2
"NAROCASS 1","UG15F140P003","UGC14170","A","C",22,"Dokolo","Female",33.1303,1.937908,2021-09-29,2022-09-29,2
"UG15F302P513","UG15FF265P001","UG15F177P502","A","C",58,"Dokolo","Male",33.13178,1.939542,2021-09-29,2022-09-29,2
"UG110164","NAROCASS 1","MM20180054","C","A",57,"Dokolo","Male",33.22512,1.953759,2021-09-28,2022-09-28,2
"UG15FF265P001","UG15F302P513","UG110164","A","C",33,"Dokolo","Female",33.23131,1.960724,2021-09-28,2022-09-28,2
"MM20180054","NAROCASS 1","UG15F170P507","A","C",30,"Dokolo","Male",33.23205,1.95575,2021-09-28,2022-09-28,2
"UG15F140P003","UG15F177P502","UG15F106P002","C","B",23,"Dokolo","Female",33.23048,1.963982,2021-09-28,2022-09-28,2
"UGC14170","MM20180054","UG15FF265P001","C","A",40,"Dokolo","Female",33.22491,1.950262,2021-09-28,2022-09-28,2
"NAROCASS 1","UG15F302P513","UGC14170","C","B",26,"Dokolo","Female",33.23028,1.959062,2021-09-28,2022-09-28,2
"UG15F106P002","UG15F140P003","UG15F302P513","B","A",50,"Dokolo","Male",33.23121,1.963084,2021-09-28,2022-09-28,2
"UG15F177P502","MM20180054","NAROCASS 1","B","A",44,"Dokolo","Male",33.20259,1.989373,2021-09-28,2022-09-28,2
"MM20180054","UG15F170P507","UG15F140P003","C","B",49,"Dokolo","Female",33.16444,1.994801,2021-09-28,2022-09-28,2
"UG110164","UG15FF265P001","NAROCASS 1","A","B",53,"Dokolo","Male",33.15577,2.001156,2021-09-28,2022-09-28,2
"MM20180054","UG15FF265P001","UG15F106P002","B","C",40,"Dokolo","Male",33.15825,1.997788,2021-09-28,2022-09-28,2
"UGC14170","UG15F140P003","UG15F106P002","C","B",30,"Dokolo","Female",33.15649,2.002114,2021-09-28,2022-09-28,2
"UG15F170P507","UG110164","UG15F302P513","C","B",34,"Dokolo","Female",33.15829,1.997761,2021-09-28,2022-09-28,2
"UG15F177P502","UG110164","MM20180054","B","C",58,"Dokolo","Male",33.16395,1.995806,2021-09-28,2022-09-28,2
"UG15F140P003","UG15F177P502","NAROCASS 1","B","A",45,"Buikwe","Male",33.03097,0.2554429,2021-10-02,2022-10-02,2
"UG15F177P502","UGC14170","UG110164","B","A",42,"Buikwe","Male",33.03038,0.2538106,2021-10-02,2022-10-02,2
"UG15F106P002","MM20180054","UG15F140P003","B","C",19,"Buikwe","Female",33.02978,0.2607806,2021-10-02,2022-10-02,2
"NAROCASS 1","UG15F170P507","UGC14170","C","B",45,"Buikwe","Male",33.03039,0.2538125,2021-10-02,2022-10-02,2
"UG110164","UG15F140P003","UG15FF265P001","A","C",42,"Buikwe","Female",33.01939,0.2661209,2021-10-02,2022-10-02,2
"UGC14170","MM20180054","UG15F302P513","A","B",30,"Buikwe","Female",33.03012,0.2539715,2021-10-02,2022-10-02,2
"UG15F170P507","UG15F106P002","UG15F177P502","A","C",21,"Buikwe","Female",33.02983,0.2605888,2021-10-02,2022-10-02,2
"MM20180054","UGC14170","UG110164","A","B",39,"Buikwe","Female",33.01997,0.26277,2021-10-02,2022-10-02,2
"UG15F140P003","UG15FF265P001","UG15F170P507","A","B",41,"Buikwe","Male",33.01732,0.2641707,2021-10-02,2022-10-02,2
"UG15F106P002","UG110164","NAROCASS 1","C","A",45,"Buikwe","Male",33.01503,0.2688239,2021-10-02,2022-10-02,2
"UG15F177P502","NAROCASS 1","MM20180054","C","A",58,"Buikwe","Female",32.96707,0.2290786,2021-10-02,2022-10-02,2
"UG15FF265P001","UG15F170P507","UG15F302P513","A","C",52,"Buikwe","Female",32.96335,0.2269997,2021-10-02,2022-10-02,2
"UGC14170","UG15F140P003","UG15F177P502","A","B",58,"Buikwe","Female",32.95681,0.2227799,2021-10-02,2022-10-02,2
"NAROCASS 1","UG15FF265P001","UGC14170","A","B",45,"Buikwe","Male",32.96265,0.226238,2021-10-02,2022-10-02,2
"MM20180054","UG15F106P002","UG15F140P003","B","C",5,"Buikwe","Male",32.95672,0.2226142,2021-10-02,2022-10-02,2
"UG110164","UG15F302P513","UG15F170P507","C","A",46,"Buikwe","Male",32.95746,0.2216276,2021-10-02,2022-10-02,2
"UG15F170P507","UG15F177P502","MM20180054","C","A",48,"Buikwe","Female",32.95747,0.2216328,2021-10-02,2022-10-02,2
"UG15F140P003","UGC14170","UG110164","B","A",40,"Buikwe","Male",32.95499,0.239001,2021-10-03,2022-10-03,2
"UG15FF265P001","UG110164","UG15F177P502","A","C",59,"Buikwe","Female",32.96105,0.2222577,2021-10-03,2022-10-03,2
"UGC14170","UG15FF265P001","UG15F106P002","B","C",36,"Buikwe","Female",32.96239,0.2274061,2021-10-02,2022-10-02,2
"MM20180054","NAROCASS 1","UG15F302P513","B","C",43,"Buikwe","Female",32.95982,0.2250893,2021-10-03,2022-10-03,2
"UG15F170P507","UG15F140P003","UG15FF265P001","A","C",57,"Buikwe","Female",33.10704,0.3267642,2021-10-01,2022-10-01,2
"UG15F140P003","MM20180054","UG15F170P507","A","B",28,"Buikwe","Male",33.10222,0.3330338,2021-10-01,2022-10-01,2
"UG15F302P513","UG15F170P507","UGC14170","C","A",56,"Buikwe","Female",33.10075,0.3373597,2021-10-01,2022-10-01,2
"NAROCASS 1","UG15F106P002","UG15F140P003","C","A",52,"Buikwe","Female",33.10039,0.3359439,2021-10-01,2022-10-01,2
"UG110164","MM20180054","UG15F170P507","C","B",46,"Buikwe","Male",33.10639,0.3286434,2021-10-01,2022-10-01,2
"UG15F177P502","UG110164","UG15F106P002","B","C",44,"Buikwe","Female",33.10424,0.3283719,2021-10-01,2022-10-01,2
"UGC14170","UG15F140P003","UG15FF265P001","A","C",55,"Buikwe","Female",33.10275,0.33319,2021-10-01,2022-10-01,2
"MM20180054","UG15F302P513","NAROCASS 1","C","B",54,"Buikwe","Female",33.10217,0.3348694,2021-10-01,2022-10-01,2
"NAROCASS 1","UG15F170P507","UG15FF265P001","A","C",37,"Buikwe","Female",33.10629,0.3333048,2021-10-01,2022-10-01,2
"UG15F106P002","UGC14170","UG15F177P502","C","A",49,"Buikwe","Male",33.07712,0.3233885,2021-09-30,2022-09-30,2
"UG110164","UGC14170","UG15F302P513","A","B",33,"Buikwe","Female",33.07955,0.3348618,2021-10-01,2022-10-01,2
"UG15F170P507","UG15F140P003","MM20180054","A","C",41,"Buikwe","Male",33.07846,0.3257314,2021-09-30,2022-09-30,2
"UG15F106P002","UG15FF265P001","UG110164","B","A",40,"Buikwe","Female",33.08165,0.326451,2021-09-30,2022-09-30,2
"NAROCASS 1","UG15F170P507","UG15F106P002","B","C",42,"Buikwe","Female",33.07605,0.3269189,2021-09-30,2022-09-30,2
"UG110164","MM20180054","UG15F177P502","B","A",38,"Buikwe","Male",33.07645,0.3257912,2021-10-01,2022-10-01,2
"UGC14170","MM20180054","UG15F170P507","A","B",34,"Buikwe","Female",33.08096,0.3317625,2021-10-01,2022-10-01,2
"UG15F302P513","UG15FF265P001","NAROCASS 1","B","A",45,"Buikwe","Male",33.07519,0.3252333,2021-09-30,2022-09-30,2
"UG15F177P502","UG15F106P002","MM20180054","C","A",30,"Buikwe","Female",33.07621,0.3247062,2021-09-30,2022-09-30,2
"UG15FF265P001","UG110164","UGC14170","B","A",55,"Kibaale","Male",31.10866,0.6870422,2021-09-28,2022-09-28,2
"UG15F177P502","UG110164","NAROCASS 1","B","A",35,"Kibaale","Male",31.09596,0.7242828,2021-09-29,2022-09-29,2
"UG15F170P507","UG15F140P003","UG15F302P513","C","B",51,"Kibaale","Male",31.14029,0.722833,2021-09-28,2022-09-28,2
"UG15F140P003","UG15F106P002","UG110164","C","B",27,"Kibaale","Male",31.12027,0.6851489,2021-09-29,2022-09-29,2
"UG15F106P002","UG15FF265P001","UG15F177P502","B","A",51,"Kibaale","Female",31.12125,0.7170803,2021-09-29,2022-09-29,2
"UG15F170P507","UG15F177P502","UG15F140P003","B","A",34,"Kibaale","Male",31.14294,0.7271481,2021-09-28,2022-09-28,2
"UG110164","UGC14170","MM20180054","C","B",35,"Kibaale","Male",31.14973,0.7029888,2021-09-28,2022-09-28,2
"MM20180054","NAROCASS 1","UG15FF265P001","B","A",27,"Kibaale","Female",31.09578,0.7249921,2021-09-29,2022-09-29,2
"UGC14170","UG15F177P502","UG15F170P507","C","B",53,"Kibaale","Male",31.14106,0.7284168,2021-09-28,2022-09-28,2
"UG15F177P502","UG15F302P513","NAROCASS 1","C","B",40,"Kibaale","Female",31.11854,0.694188,2021-09-28,2022-09-28,2
"UG15F106P002","UG110164","UG15F140P003","A","C",44,"Kibaale","Female",31.12041,0.7001057,2021-09-28,2022-09-28,2
"UG15FF265P001","UG15F170P507","UGC14170","B","C",46,"Kibaale","Female",31.12042,0.7002075,2021-09-29,2022-09-29,2
"UG15F302P513","MM20180054","UG15F170P507","B","C",55,"Kibaale","Female",31.11654,0.6850005,2021-09-28,2022-09-28,2
"NAROCASS 1","UG15F106P002","UG15F177P502","C","B",36,"Kibaale","Female",31.11273,0.6883544,2021-09-28,2022-09-28,2
"MM20180054","UG15F140P003","UG15F302P513","B","A",38,"Kibaale","Male",31.11107,0.6876877,2021-09-28,2022-09-28,2
"UG110164","UGC14170","UG15FF265P001","B","C",46,"Kibaale","Male",31.1113,0.6935555,2021-09-28,2022-09-28,2
"UG15F302P513","UG15F177P502","UG110164","B","C",44,"Kibaale","Female",31.11524,0.686365,2021-09-28,2022-09-28,2
"UGC14170","UG15F106P002","MM20180054","C","B",56,"Kibaale","Female",31.11256,0.6790218,2021-09-28,2022-09-28,2
"UG110164","NAROCASS 1","UG15F170P507","A","C",52,"Kibaale","Female",31.12062,0.6945542,2021-09-29,2022-09-29,2
"UG15F170P507","UG15F140P003","UG15F177P502","C","B",39,"Kibaale","Male",30.93933,0.8597641,2021-09-27,2022-09-27,2
"UG15FF265P001","MM20180054","UG15F106P002","C","A",58,"Kibaale","Female",30.93622,0.8595498,2021-09-29,2022-09-29,2
"UG15F177P502","UG15F302P513","UGC14170","C","A",41,"Kibaale","Male",30.9488,0.863457,2021-09-27,2022-09-27,2
"UG15F106P002","UG15F170P507","UGC14170","B","C",45,"Kibaale","Male",30.94365,0.8688871,2021-09-27,2022-09-27,2
"NAROCASS 1","UG110164","UG15F302P513","A","B",30,"Kibaale","Female",30.94557,0.8676183,2021-09-29,2022-09-29,2
"MM20180054","UG15F177P502","UG15F140P003","A","C",43,"Kibaale","Female",30.93416,0.8586619,2021-09-29,2022-09-29,2
"UG15F302P513","MM20180054","UG15FF265P001","B","A",52,"Kibaale","Male",30.94628,0.8611758,2021-09-27,2022-09-27,2
"UG15F106P002","UGC14170","UG110164","C","B",32,"Kibaale","Female",30.93851,0.8576915,2021-09-27,2022-09-27,2
"UG15F140P003","UG15FF265P001","NAROCASS 1","B","A",40,"Kibaale","Female",30.94853,0.8639032,2021-09-27,2022-09-27,2
"UG15F302P513","UG15F106P002","UG15F140P003","C","B",49,"Kibaale","Female",30.95926,0.958779,2021-09-27,2022-09-27,2
"UGC14170","UG15F170P507","UG110164","C","A",52,"Kibaale","Female",30.95823,0.9552168,2021-09-27,2022-09-27,2
"MM20180054","NAROCASS 1","UG15FF265P001","B","A",56,"Kibaale","Female",30.95489,0.9456691,2021-09-27,2022-09-27,2
"NAROCASS 1","UG15F177P502","UG15F170P507","B","C",24,"Kibaale","Female",30.95981,0.9471006,2021-09-27,2022-09-27,2
"UG15F140P003","UGC14170","UG15F106P002","A","C",60,"Kibaale","Male",30.96113,0.956573,2021-09-27,2022-09-27,2
"UG15FF265P001","UG110164","UG15F302P513","B","A",54,"Kibaale","Female",30.95997,0.9444883,2021-09-27,2022-09-27,2
"MM20180054","UG15F140P003","NAROCASS 1","C","A",36,"Kibaale","Male",30.95631,0.9447746,2021-09-27,2022-09-27,2
"UGC14170","UG15F302P513","UG15F170P507","A","B",58,"Kibaale","Male",30.9553,0.9466724,2021-09-27,2022-09-27,2
"UG110164","NAROCASS 1","UG15F177P502","B","A",37,"Kibaale","Male",30.96117,0.9468735,2021-09-27,2022-09-27,2
"UG15F106P002","UG15F170P507","UG15F140P003","B","A",55,"Luwero","Female",32.64248,0.7110426,2021-09-25,2022-09-25,2
"UG15FF265P001","MM20180054","UGC14170","B","A",39,"Luwero","Female",32.63966,0.7139726,2021-09-25,2022-09-25,2
"UG15F140P003","UG15FF265P001","UG110164","B","A",46,"Luwero","Male",32.6309,0.7081142,2021-09-25,2022-09-25,2
"UG15F170P507","UG15F302P513","UG15F177P502","B","C",40,"Luwero","Female",32.64544,0.7247319,2021-09-25,2022-09-25,2
"NAROCASS 1","UG15F106P002","MM20180054","A","C",62,"Luwero","Male",32.63171,0.7160337,2021-09-25,2022-09-25,2
"UGC14170","UG110164","NAROCASS 1","B","A",50,"Luwero","Female",32.6374,0.7046764,2021-09-25,2022-09-25,2
"UG15F302P513","MM20180054","UG15FF265P001","B","C",53,"Luwero","Female",32.64195,0.7087279,2021-09-25,2022-09-25,2
"UG15F177P502","UG15F140P003","UGC14170","C","B",49,"Luwero","Female",32.65398,0.7056588,2021-09-25,2022-09-25,2
"UG110164","UG15F170P507","UG15F106P002","B","C",40,"Luwero","Female",32.63844,0.7016441,2021-09-25,2022-09-25,2
"NAROCASS 1","UG15F170P507","UG15F302P513","A","B",57,"Luwero","Female",32.6495,0.699643,2021-09-25,2022-09-25,2
"UG15F106P002","UG15F177P502","MM20180054","B","C",30,"Luwero","Male",32.62475,0.7008137,2021-09-25,2022-09-25,2
"UG15F170P507","UGC14170","UG15F140P003","C","A",55,"Luwero","Male",32.62442,0.7069302,2021-09-25,2022-09-25,2
"UG15F140P003","UG15FF265P001","UG15F106P002","A","B",39,"Luwero","Female",32.57723,0.6735038,2021-09-24,2022-09-24,2
"UG15F302P513","UG15F177P502","UG110164","C","A",66,"Luwero","Male",32.57927,0.6750612,2021-09-24,2022-09-24,2
"MM20180054","NAROCASS 1","UG15F140P003","C","A",27,"Luwero","Female",32.57732,0.6683351,2021-09-24,2022-09-24,2
"UG110164","MM20180054","UGC14170","A","C",26,"Luwero","Male",32.58157,0.6738909,2021-09-24,2022-09-24,2
"UG15F302P513","UG15FF265P001","UG15F170P507","C","A",57,"Luwero","Female",32.58311,0.6864828,2021-09-25,2022-09-25,2
"UGC14170","UG15F106P002","UG15F177P502","A","C",40,"Luwero","Female",32.57505,0.6719149,2021-09-24,2022-09-24,2
"UG15F106P002","UG110164","UG15F170P507","C","B",60,"Luwero","Male",32.57501,0.6738989,2021-09-24,2022-09-24,2
"UG15F177P502","UG15F302P513","NAROCASS 1","C","A",27,"Luwero","Male",32.57991,0.6741022,2021-09-24,2022-09-24,2
"MM20180054","UG15F140P003","UG15F302P513","C","A",40,"Luwero","Male",32.58998,0.6682701,2021-09-24,2022-09-24,2
"UG15F170P507","MM20180054","UG15FF265P001","C","A",67,"Luwero","Female",32.57892,0.6676304,2021-09-24,2022-09-24,2
"NAROCASS 1","UG15F140P003","UG15F106P002","A","C",41,"Luwero","Male",32.58014,0.6740796,2021-09-24,2022-09-24,2
"UG15FF265P001","UGC14170","UG15F177P502","A","C",60,"Luwero","Male",32.45239,0.8677732,2021-09-23,2022-09-23,2
"UG110164","NAROCASS 1","UG15FF265P001","A","C",61,"Luwero","Male",32.44725,0.8704094,2021-09-23,2022-09-23,2
"UG15F140P003","UG15F302P513","UGC14170","B","C",54,"Luwero","Female",32.44473,0.8561211,2021-09-23,2022-09-23,2
"UG15F177P502","UG15F170P507","MM20180054","A","C",53,"Luwero","Female",32.43488,0.8689826,2021-09-23,2022-09-23,2
"UG15F106P002","UG110164","UG15F302P513","B","A",31,"Luwero","Male",32.42921,0.858764,2021-09-23,2022-09-23,2
"UGC14170","UG15F106P002","MM20180054","C","A",33,"Luwero","Female",32.45134,0.8662503,2021-09-23,2022-09-23,2
"UG15F170P507","UG15FF265P001","UG110164","A","C",50,"Luwero","Male",32.42896,0.8590171,2021-09-23,2022-09-23,2
"UG15F302P513","UG15F177P502","UG110164","C","A",22,"Luwero","Male",32.4425,0.855618,2021-09-23,2022-09-23,2
"MM20180054","UG15F106P002","UG15F170P507","C","A",56,"Luwero","Female",32.44194,0.8654665,2021-09-23,2022-09-23,2
"UG15F140P003","UGC14170","NAROCASS 1","C","B",56,"Luwero","Female",32.44188,0.8560648,2021-09-23,2022-09-23,2
"UG15FF265P001","NAROCASS 1","UG15F106P002","B","C",58,"Luwero","Female",32.4452,0.8567413,2021-09-23,2022-09-23,2
"UGC14170","MM20180054","UG15F302P513","A","B",36,"Luwero","Female",32.57308,0.8263743,2021-09-23,2022-09-23,2
"MM20180054","UG15FF265P001","UG15F177P502","C","B",21,"Luwero","Male",32.57306,0.8263437,2021-09-23,2022-09-23,2
"NAROCASS 1","UG15F140P003","UG15FF265P001","B","C",38,"Luwero","Female",32.58274,0.8283624,2021-09-24,2022-09-24,2
"UG110164","UG15F302P513","NAROCASS 1","B","A",54,"Luwero","Male",32.57578,0.8242474,2021-09-24,2022-09-24,2
"UG15FF265P001","UGC14170","UG15F177P502","C","A",26,"Luwero","Male",32.57236,0.8257271,2021-09-23,2022-09-23,2
"UG15F140P003","UG15F177P502","UG15F302P513","B","A",57,"Luwero","Male",32.58929,0.8185937,2021-09-24,2022-09-24,2
"UG15F170P507","NAROCASS 1","UG15F106P002","B","A",40,"Kibaale","Female",32.58458,0.8260846,2021-09-24,2022-09-24,2
"UG15F140P003","UG15FF265P001","UG110164","C","B",59,"Luwero","Female",32.57347,0.8299783,2021-09-24,2022-09-24,2
"UG15F106P002","MM20180054","UGC14170","A","C",28,"Arua","Male",30.94767,2.722691,2021-09-25,2022-09-25,2
"MM20180054","UG15F170P507","UG15FF265P001","C","A",48,"Arua","Female",30.90135,2.702164,2021-09-26,2022-09-26,2
"UG15F177P502","UG110164","NAROCASS 1","C","B",28,"Arua","Female",30.88742,2.698323,2021-09-26,2022-09-26,2
"UG110164","UG15F140P003","UG15F170P507","B","C",47,"Arua","Female",30.88745,2.698473,2021-09-26,2022-09-26,2
"NAROCASS 1","UG15F302P513","UG15F106P002","B","C",35,"Arua","Female",30.88805,2.701068,2021-09-26,2022-09-26,2
"UGC14170","UG15F177P502","MM20180054","A","C",36,"Arua","Male",30.90135,2.702188,2021-09-26,2022-09-26,2
"UG15FF265P001","NAROCASS 1","UG15F177P502","B","C",48,"Arua","Female",30.88744,2.698427,2021-09-26,2022-09-26,2
"UG15F170P507","UG15F106P002","UGC14170","A","B",48,"Arua","Female",30.88742,2.69856,2021-09-26,2022-09-26,2
"UG15F106P002","MM20180054","UG15F140P003","C","B",47,"Arua","Male",30.88693,2.699251,2021-09-26,2022-09-26,2
"UG15F177P502","MM20180054","UG15F302P513","B","C",35,"Arua","Male",30.88695,2.699142,2021-09-26,2022-09-26,2
"NAROCASS 1","UG15F170P507","UG15FF265P001","B","C",34,"Arua","Male",30.91095,2.782459,2021-09-25,2022-09-25,2
"UG15F140P003","UGC14170","UG15F170P507","B","C",37,"Arua","Male",30.9026,2.785497,2021-09-25,2022-09-25,2
"MM20180054","UG110164","NAROCASS 1","C","A",38,"Arua","Male",30.89563,2.784099,2021-09-25,2022-09-25,2
"UG15F106P002","UG15F140P003","UG110164","B","A",40,"Arua","Male",30.9043,2.786161,2021-09-25,2022-09-25,2
"UG15F302P513","UGC14170","UG15F106P002","B","C",21,"Arua","Male",30.8972,2.78727,2021-09-25,2022-09-25,2
"UG15FF265P001","UG15F140P003","UG15F177P502","B","A",26,"Arua","Female",30.89729,2.783097,2021-09-25,2022-09-25,2
"UG15F177P502","NAROCASS 1","UG15FF265P001","C","B",45,"Arua","Female",30.91839,2.78287,2021-09-25,2022-09-25,2
"UG15F170P507","UG15F302P513","UGC14170","C","B",28,"Arua","Female",30.90454,2.781102,2021-09-25,2022-09-25,2
"NAROCASS 1","UG15FF265P001","UG15F106P002","A","C",32,"Arua","Male",30.91644,2.776209,2021-09-25,2022-09-25,2
"UGC14170","UG15F177P502","MM20180054","A","B",43,"Arua","Male",30.91959,2.781475,2021-09-25,2022-09-25,2
"UG15FF265P001","UG110164","UG15F170P507","C","A",22,"Arua","Female",30.89896,2.787813,2021-09-25,2022-09-25,2
"UG15F170P507","UG15F140P003","UG15F302P513","C","B",42,"Arua","Female",30.98428,2.952207,2021-09-27,2022-09-27,2
"UG110164","NAROCASS 1","UG15F140P003","B","C",22,"Arua","Female",30.98317,2.949031,2021-10-25,2022-10-25,2
"UG15F177P502","UG15FF265P001","UG110164","C","A",32,"Arua","Male",30.99522,2.943956,2021-09-27,2022-09-27,2
"UG15F140P003","MM20180054","UGC14170","B","A",28,"Arua","Male",30.99491,2.985221,2021-09-27,2022-09-27,2
"MM20180054","UG110164","UG15F302P513","C","A",46,"Arua","Female",30.996,2.957502,2021-09-27,2022-09-27,2
"NAROCASS 1","UGC14170","UG15F177P502","A","B",29,"Arua","Male",30.99318,2.941424,2021-09-27,2022-09-27,2
"UG15F302P513","UG15F177P502","UG15F106P002","B","C",29,"Arua","Male",30.9848,2.951552,2021-09-27,2022-09-27,2
"UG15F140P003","UG110164","NAROCASS 1","C","B",27,"Arua","Male",30.95614,2.955944,2021-09-26,2022-09-26,2
"UGC14170","UG15F106P002","UG110164","A","B",30,"Arua","Male",30.95253,2.958009,2021-09-26,2022-09-26,2
"UG15F170P507","UG15F177P502","UG15FF265P001","B","C",45,"Arua","Male",30.9456,2.96636,2021-09-26,2022-09-26,2
"UG110164","UG15FF265P001","NAROCASS 1","A","C",37,"Arua","Male",30.95438,2.960027,2021-09-26,2022-09-26,2
"UG15F170P507","UG15F302P513","MM20180054","A","C",36,"Arua","Male",30.95388,2.960335,2021-09-26,2022-09-26,2
"UG15F106P002","NAROCASS 1","UG15F140P003","A","B",30,"Arua","Male",30.97299,2.95985,2021-09-27,2022-09-27,2
"NAROCASS 1","UGC14170","UG15F177P502","B","C",37,"Arua","Male",30.97656,2.963626,2021-09-27,2022-09-27,2
"UG15FF265P001","UG110164","UG15F302P513","C","A",32,"Arua","Female",30.95356,2.960163,2021-09-26,2022-09-26,2
"UG15F302P513","UG15F106P002","MM20180054","B","C",26,"Arua","Female",30.95298,2.955168,2021-09-26,2022-09-26,2
"UG15F177P502","UG15FF265P001","UG15F170P507","C","B",26,"Arua","Female",30.97086,2.954059,2021-09-25,2022-09-25,2
"UG15F140P003","MM20180054","UGC14170","A","C",44,"Arua","Female",30.96817,2.958208,2021-09-27,2022-09-27,2
