"MLDS","MLWS","R10mm","R20mm","Rx1day","Rx5day","R95p","R99p","Rtotal","SDII"
7,36,42,1,23.4699993133545,60.1599988937378,301.829998016357,80.8499984741211,1674.91999840736,5.90823528818967
7,36,42,1,23.4699993133545,60.1599988937378,301.829998016357,80.8499984741211,1674.91999840736,5.90823528818967
7,36,42,1,23.4699993133545,60.1599988937378,301.829998016357,80.8499984741211,1674.91999840736,5.90823528818967
7,36,44,1,23.4699993133545,60.1599988937378,301.829998016357,80.8499984741211,1691.09999811649,5.96422144635274
7,36,42,1,23.4699993133545,60.1599988937378,301.829998016357,80.8499984741211,1674.91999840736,5.90823528818967
7,36,43,1,23.4699993133545,60.1599988937378,301.829998016357,80.8499984741211,1680.5999982357,5.92788926683444
7,36,43,1,23.4699993133545,60.1599988937378,301.829998016357,80.8499984741211,1680.5999982357,5.92788926683444
7,36,43,1,23.4699993133545,60.1599988937378,301.829998016357,80.8499984741211,1680.5999982357,5.92788926683444
7,36,44,1,23.4699993133545,60.1599988937378,301.829998016357,80.8499984741211,1691.09999811649,5.96422144635274
7,36,42,1,23.4699993133545,60.1599988937378,301.829998016357,80.8499984741211,1674.91999840736,5.90823528818967
7,36,43,1,23.4699993133545,60.1599988937378,301.829998016357,80.8499984741211,1680.5999982357,5.92788926683444
7,36,43,1,23.4699993133545,60.1599988937378,301.829998016357,80.8499984741211,1680.5999982357,5.92788926683444
7,36,43,1,23.4699993133545,60.1599988937378,301.829998016357,80.8499984741211,1680.5999982357,5.92788926683444
7,36,43,1,23.4699993133545,60.1599988937378,301.829998016357,80.8499984741211,1680.5999982357,5.92788926683444
7,36,43,1,23.4699993133545,60.1599988937378,301.829998016357,80.8499984741211,1680.5999982357,5.92788926683444
8,33,34,0,19.7700004577637,55.7300004959106,265.940000534058,73.7800006866455,1528.15000212193,5.8464552319136
7,39,32,4,25.1900005340576,61.2300004959106,286.670002937317,90.0100021362305,1736.02000176907,6.13899306160682
8,33,33,0,19.7700004577637,55.7300004959106,265.940000534058,73.7800006866455,1517.38000166416,5.80626866304135
7,39,32,4,25.1900005340576,61.2300004959106,286.670002937317,90.0100021362305,1736.02000176907,6.13899306160682
8,33,34,0,19.7700004577637,55.7300004959106,265.940000534058,73.7800006866455,1528.15000212193,5.8464552319136
8,33,34,0,19.7700004577637,55.7300004959106,265.940000534058,73.7800006866455,1528.15000212193,5.8464552319136
8,33,34,0,19.7700004577637,55.7300004959106,265.940000534058,73.7800006866455,1528.15000212193,5.8464552319136
8,33,34,0,19.7700004577637,55.7300004959106,265.940000534058,73.7800006866455,1528.15000212193,5.8464552319136
7,39,32,4,25.1900005340576,61.2300004959106,286.670002937317,90.0100021362305,1738.63000190258,6.14805556207042
7,39,32,4,25.1900005340576,61.2300004959106,286.670002937317,90.0100021362305,1738.63000190258,6.14805556207042
7,39,32,4,25.1900005340576,61.2300004959106,286.670002937317,90.0100021362305,1738.63000190258,6.14805556207042
7,39,32,4,25.1900005340576,61.2300004959106,286.670002937317,90.0100021362305,1738.63000190258,6.14805556207042
7,39,32,4,25.1900005340576,61.2300004959106,286.670002937317,90.0100021362305,1738.63000190258,6.14805556207042
7,39,32,4,25.1900005340576,61.2300004959106,286.670002937317,90.0100021362305,1738.63000190258,6.14805556207042
7,39,32,4,25.1900005340576,61.2300004959106,286.670002937317,90.0100021362305,1738.63000190258,6.14805556207042
7,39,32,4,25.1900005340576,61.2300004959106,286.670002937317,90.0100021362305,1738.63000190258,6.14805556207042
12,57,75,8,44.0400009155273,82.3300013542175,410.929997444153,138.869998931885,2402.9099919796,7.91859474526779
12,57,75,8,44.0400009155273,82.3300013542175,410.929997444153,138.869998931885,2402.9099919796,7.91859474526779
16,57,38,7,36.2599983215332,77.4700002670288,370.170000076294,129.020000457764,1901.3799983263,6.52505084201062
16,57,37,6,36.2599983215332,71.8299989700317,358.069999694824,122.940000534058,1870.29999709129,6.39533782816442
16,57,38,7,36.2599983215332,77.4700002670288,370.170000076294,129.020000457764,1901.3799983263,6.52505084201062
16,57,37,6,36.2599983215332,71.8299989700317,358.069999694824,122.940000534058,1870.29999709129,6.39533782816442
16,57,39,7,36.2599983215332,77.4700002670288,370.170000076294,129.020000457764,1907.24999821186,6.54494914670743
16,57,38,7,36.2599983215332,77.4700002670288,370.170000076294,129.020000457764,1901.3799983263,6.52505084201062
16,57,38,7,36.2599983215332,77.4700002670288,370.170000076294,129.020000457764,1901.3799983263,6.52505084201062
12,57,75,8,44.0400009155273,82.3300013542175,410.929997444153,138.869998931885,2402.9099919796,7.91859474526779
12,57,75,8,44.0400009155273,82.3300013542175,410.929997444153,138.869998931885,2402.9099919796,7.91859474526779
12,57,75,8,44.0400009155273,82.3300013542175,410.929997444153,138.869998931885,2402.9099919796,7.91859474526779
12,57,75,8,44.0400009155273,82.3300013542175,410.929997444153,138.869998931885,2402.9099919796,7.91859474526779
12,57,75,8,44.0400009155273,82.3300013542175,410.929997444153,138.869998931885,2402.9099919796,7.91859474526779
12,57,75,8,44.0400009155273,82.3300013542175,410.929997444153,138.869998931885,2402.9099919796,7.91859474526779
12,57,75,8,44.0400009155273,82.3300013542175,410.929997444153,138.869998931885,2402.9099919796,7.91859474526779
12,57,75,8,44.0400009155273,82.3300013542175,410.929997444153,138.869998931885,2402.9099919796,7.91859474526779
12,57,75,8,44.0400009155273,82.3300013542175,410.929997444153,138.869998931885,2402.9099919796,7.91859474526779
12,57,75,8,44.0400009155273,82.3300013542175,410.929997444153,138.869998931885,2402.9099919796,7.91859474526779
7,62,57,5,23.9500007629395,66.1499996185303,346.040001869202,91.4000015258789,2181.26000714302,7.15831171145493
7,62,57,5,23.9500007629395,66.1499996185303,346.040001869202,91.4000015258789,2181.26000714302,7.15831171145493
7,62,57,5,23.9500007629395,66.1499996185303,346.040001869202,91.4000015258789,2181.26000714302,7.15831171145493
7,62,57,5,23.9500007629395,66.1499996185303,346.040001869202,91.4000015258789,2181.26000714302,7.15831171145493
7,53,55,6,23.9500007629395,61.7400002479553,353.21000289917,92.9000015258789,2176.10000884533,7.16693813943513
7,53,55,6,23.9500007629395,61.7400002479553,353.21000289917,92.9000015258789,2176.10000884533,7.16693813943513
7,62,57,5,23.9500007629395,66.1499996185303,346.040001869202,91.4000015258789,2181.26000714302,7.15831171145493
7,52,54,5,23.9500007629395,57.66000187397,345.550004005432,89.9200019836426,2122.45000874996,7.06707239714696
7,62,57,5,23.9500007629395,66.1499996185303,346.040001869202,91.4000015258789,2181.26000714302,7.15831171145493
7,62,57,5,23.9500007629395,66.1499996185303,346.040001869202,91.4000015258789,2181.26000714302,7.15831171145493
7,61,57,5,23.9500007629395,66.1499996185303,346.040001869202,91.4000015258789,2174.00000751019,7.1347402840756
7,62,57,5,23.9500007629395,66.1499996185303,346.040001869202,91.4000015258789,2181.26000714302,7.15831171145493
7,62,57,5,23.9500007629395,66.1499996185303,346.040001869202,91.4000015258789,2181.26000714302,7.15831171145493
7,62,57,5,23.9500007629395,66.1499996185303,346.040001869202,91.4000015258789,2181.26000714302,7.15831171145493
7,62,57,5,23.9500007629395,66.1499996185303,346.040001869202,91.4000015258789,2181.26000714302,7.15831171145493
7,62,57,5,23.9500007629395,66.1499996185303,346.040001869202,91.4000015258789,2181.26000714302,7.15831171145493
7,62,57,5,23.9500007629395,66.1499996185303,346.040001869202,91.4000015258789,2181.26000714302,7.15831171145493
22,20,25,2,26.0699996948242,56.9900002479553,292.209999084473,87.1900005340576,1031.08999717236,5.82437836291218
22,20,25,2,26.0699996948242,56.9900002479553,292.209999084473,87.1900005340576,1031.08999717236,5.82437836291218
22,20,26,2,26.0699996948242,56.9900002479553,294.999999046326,87.1900005340576,1045.06999671459,5.8677419176205
22,20,25,2,26.0699996948242,56.9900002479553,292.209999084473,87.1900005340576,1031.08999717236,5.82437836291218
22,20,25,2,26.0699996948242,56.9900002479553,292.209999084473,87.1900005340576,1031.08999717236,5.82437836291218
22,20,25,2,26.0699996948242,56.9900002479553,292.209999084473,87.1900005340576,1031.08999717236,5.82437836291218
22,20,25,2,26.0699996948242,56.9900002479553,292.209999084473,87.1900005340576,1031.08999717236,5.82437836291218
22,20,25,2,26.0699996948242,56.9900002479553,292.209999084473,87.1900005340576,1031.08999717236,5.82437836291218
22,20,25,2,26.0699996948242,56.9900002479553,292.209999084473,87.1900005340576,1031.08999717236,5.82437836291218
19,17,39,1,20.1100006103516,63.8199996948242,313.840000152588,77.7800006866455,1242.52999925613,6.75565444643936
19,17,39,1,20.1100006103516,63.8199996948242,313.840000152588,77.7800006866455,1237.73999929428,6.76747368057504
19,17,39,1,20.1100006103516,63.8199996948242,313.840000152588,77.7800006866455,1242.52999925613,6.75565444643936
19,17,39,1,20.1100006103516,63.8199996948242,313.840000152588,77.7800006866455,1242.52999925613,6.75565444643936
19,17,39,1,20.1100006103516,63.8199996948242,313.840000152588,77.7800006866455,1242.52999925613,6.75565444643936
19,17,39,1,20.1100006103516,63.8199996948242,313.840000152588,77.7800006866455,1237.73999929428,6.76747368057504
19,17,39,1,20.1100006103516,63.8199996948242,313.840000152588,77.7800006866455,1242.52999925613,6.75565444643936
19,17,39,1,20.1100006103516,63.8199996948242,313.840000152588,77.7800006866455,1242.52999925613,6.75565444643936
19,17,39,1,20.1100006103516,63.8199996948242,313.840000152588,77.7800006866455,1242.52999925613,6.75565444643936
19,17,39,1,20.1100006103516,63.8199996948242,313.840000152588,77.7800006866455,1237.73999929428,6.76747368057504
22,20,26,2,26.0699996948242,56.9900002479553,294.999999046326,87.1900005340576,1046.09999668598,5.84139035639159
22,20,26,2,26.0699996948242,56.9900002479553,294.999999046326,87.1900005340576,1046.09999668598,5.84139035639159
22,20,26,2,26.0699996948242,56.9900002479553,294.999999046326,87.1900005340576,1046.09999668598,5.84139035639159
22,20,26,2,26.0699996948242,56.9900002479553,294.999999046326,87.1900005340576,1046.09999668598,5.84139035639159
22,20,26,2,26.0699996948242,56.9900002479553,294.999999046326,87.1900005340576,1046.09999668598,5.84139035639159
22,20,26,2,26.0699996948242,56.9900002479553,294.999999046326,87.1900005340576,1046.09999668598,5.84139035639159
22,20,26,2,26.0699996948242,56.9900002479553,294.999999046326,87.1900005340576,1046.09999668598,5.84139035639159
22,20,25,2,26.0699996948242,56.9900002479553,292.209999084473,87.1900005340576,1031.08999717236,5.82437836291218
22,20,26,2,26.0699996948242,56.9900002479553,294.999999046326,87.1900005340576,1045.06999671459,5.8677419176205
22,20,26,2,26.0699996948242,56.9900002479553,294.999999046326,87.1900005340576,1045.06999671459,5.8677419176205
22,20,26,2,26.0699996948242,56.9900002479553,294.999999046326,87.1900005340576,1045.06999671459,5.8677419176205
22,20,26,2,26.0699996948242,56.9900002479553,294.999999046326,87.1900005340576,1045.06999671459,5.8677419176205
22,20,25,2,26.0699996948242,56.9900002479553,292.209999084473,87.1900005340576,1031.08999717236,5.82437836291218
22,20,26,2,26.0699996948242,56.9900002479553,294.999999046326,87.1900005340576,1045.06999671459,5.8677419176205
22,20,26,2,26.0699996948242,56.9900002479553,294.999999046326,87.1900005340576,1045.06999671459,5.8677419176205
22,20,26,2,26.0699996948242,56.9900002479553,294.999999046326,87.1900005340576,1045.06999671459,5.8677419176205
22,20,25,2,26.0699996948242,56.9900002479553,292.209999084473,87.1900005340576,1031.08999717236,5.82437836291218
19,29,58,15,71.1999969482422,113.469995975494,518.859996795654,197.389999389648,2121.13999426365,8.41831370313816
19,29,58,15,71.1999969482422,113.469995975494,518.859996795654,197.389999389648,2121.13999426365,8.41831370313816
19,29,58,16,71.1999969482422,113.469995975494,522.609996795654,197.389999389648,2134.05999338627,8.46898036636412
19,29,58,15,71.1999969482422,113.469995975494,518.859996795654,197.389999389648,2121.13999426365,8.41831370313816
19,29,58,15,71.1999969482422,113.469995975494,518.859996795654,197.389999389648,2121.13999426365,8.41831370313816
19,29,58,15,71.1999969482422,113.469995975494,518.859996795654,197.389999389648,2121.13999426365,8.41831370313816
19,29,58,15,71.1999969482422,113.469995975494,518.859996795654,197.389999389648,2121.13999426365,8.41831370313816
19,29,58,15,71.1999969482422,113.469995975494,518.859996795654,197.389999389648,2121.13999426365,8.41831370313816
19,29,58,15,71.1999969482422,113.469995975494,518.859996795654,197.389999389648,2121.13999426365,8.41831370313816
19,29,59,15,71.1999969482422,113.469995975494,518.859996795654,197.389999389648,2132.45999538898,8.46270586441399
19,29,58,15,71.1999969482422,113.469995975494,518.859996795654,197.389999389648,2121.13999426365,8.41831370313816
19,29,58,15,71.1999969482422,113.469995975494,518.859996795654,197.389999389648,2121.13999426365,8.41831370313816
19,29,58,15,71.1999969482422,113.469995975494,518.859996795654,197.389999389648,2121.13999426365,8.41831370313816
19,29,58,16,71.1999969482422,113.469995975494,522.609996795654,197.389999389648,2134.05999338627,8.46898036636412
19,29,58,16,71.1999969482422,113.469995975494,522.609996795654,197.389999389648,2134.05999338627,8.46898036636412
19,29,58,16,71.1999969482422,113.469995975494,522.609996795654,197.389999389648,2134.05999338627,8.46898036636412
19,29,58,16,71.1999969482422,113.469995975494,522.609996795654,197.389999389648,2134.05999338627,8.46898036636412
19,29,58,16,71.1999969482422,113.469995975494,522.609996795654,197.389999389648,2134.05999338627,8.46898036636412
19,29,58,16,71.1999969482422,113.469995975494,522.609996795654,197.389999389648,2134.05999338627,8.46898036636412
19,29,58,16,71.1999969482422,113.469995975494,522.609996795654,197.389999389648,2134.05999338627,8.46898036636412
19,29,58,16,71.1999969482422,113.469995975494,522.609996795654,197.389999389648,2134.05999338627,8.46898036636412
19,29,58,16,71.1999969482422,113.469995975494,522.609996795654,197.389999389648,2134.05999338627,8.46898036636412
19,29,58,16,71.1999969482422,113.469995975494,522.609996795654,197.389999389648,2134.05999338627,8.46898036636412
19,29,58,16,71.1999969482422,113.469995975494,522.609996795654,197.389999389648,2134.05999338627,8.46898036636412
19,29,58,16,71.1999969482422,113.469995975494,522.609996795654,197.389999389648,2134.05999338627,8.46898036636412
19,29,58,16,71.1999969482422,113.469995975494,522.609996795654,197.389999389648,2134.05999338627,8.46898036636412
19,29,58,16,71.1999969482422,113.469995975494,522.609996795654,197.389999389648,2134.05999338627,8.46898036636412
19,29,59,15,71.1999969482422,113.469995975494,518.859996795654,197.389999389648,2132.45999538898,8.46270586441399
19,29,58,16,71.1999969482422,113.469995975494,522.609996795654,197.389999389648,2134.05999338627,8.46898036636412
19,29,58,16,71.1999969482422,113.469995975494,522.609996795654,197.389999389648,2134.05999338627,8.46898036636412
16,52,61,21,52.3800010681152,149.269999504089,589.230003356934,199.670001983643,2415.38000392914,8.74143370559379
16,53,62,21,52.3800010681152,149.269999504089,589.230003356934,199.670001983643,2422.41000366211,8.76663083725319
16,52,61,21,52.3800010681152,149.269999504089,589.230003356934,199.670001983643,2415.38000392914,8.74143370559379
16,52,61,21,52.3800010681152,149.269999504089,589.230003356934,199.670001983643,2415.38000392914,8.74143370559379
16,53,62,21,52.3800010681152,149.269999504089,589.230003356934,199.670001983643,2422.41000366211,8.76663083725319
16,53,62,21,52.3800010681152,149.269999504089,589.230003356934,199.670001983643,2422.41000366211,8.76663083725319
16,52,61,21,52.3800010681152,149.269999504089,589.230003356934,199.670001983643,2415.38000392914,8.74143370559379
16,52,61,21,52.3800010681152,149.269999504089,589.230003356934,199.670001983643,2415.38000392914,8.74143370559379
16,52,61,21,52.3800010681152,149.269999504089,589.230003356934,199.670001983643,2415.38000392914,8.74143370559379
16,52,61,21,52.3800010681152,149.269999504089,589.230003356934,199.670001983643,2415.38000392914,8.74143370559379
16,52,61,21,52.3800010681152,149.269999504089,589.230003356934,199.670001983643,2415.38000392914,8.74143370559379
16,53,62,21,52.3800010681152,149.269999504089,589.230003356934,199.670001983643,2422.41000366211,8.76663083725319
16,52,61,21,52.3800010681152,149.269999504089,589.230003356934,199.670001983643,2415.38000392914,8.74143370559379
16,53,62,21,52.3800010681152,149.269999504089,589.230003356934,199.670001983643,2422.41000366211,8.76663083725319
16,52,61,21,52.3800010681152,149.269999504089,589.230003356934,199.670001983643,2415.38000392914,8.74143370559379
16,52,61,21,52.3800010681152,149.269999504089,589.230003356934,199.670001983643,2415.38000392914,8.74143370559379
16,52,61,21,52.3800010681152,149.269999504089,589.230003356934,199.670001983643,2415.38000392914,8.74143370559379
16,52,61,21,52.3800010681152,149.269999504089,589.230003356934,199.670001983643,2415.38000392914,8.74143370559379
16,52,61,21,52.3800010681152,149.269999504089,589.230003356934,199.670001983643,2415.38000392914,8.74143370559379
19,29,58,15,71.1999969482422,113.469995975494,518.859996795654,197.389999389648,2119.25999462605,8.41094115553972
19,29,58,15,71.1999969482422,113.469995975494,518.859996795654,197.389999389648,2119.25999462605,8.41094115553972
19,29,58,15,71.1999969482422,113.469995975494,518.859996795654,197.389999389648,2119.25999462605,8.41094115553972
19,29,58,15,71.1999969482422,113.469995975494,518.859996795654,197.389999389648,2119.25999462605,8.41094115553972
19,29,58,15,71.1999969482422,113.469995975494,518.859996795654,197.389999389648,2119.25999462605,8.41094115553972
19,29,58,15,71.1999969482422,113.469995975494,518.859996795654,197.389999389648,2119.25999462605,8.41094115553972
19,29,58,15,71.1999969482422,113.469995975494,518.859996795654,197.389999389648,2119.25999462605,8.41094115553972
19,29,58,15,71.1999969482422,113.469995975494,518.859996795654,197.389999389648,2119.25999462605,8.41094115553972
19,29,58,15,71.1999969482422,113.469995975494,518.859996795654,197.389999389648,2119.25999462605,8.41094115553972
19,29,58,15,71.1999969482422,113.469995975494,518.859996795654,197.389999389648,2119.25999462605,8.41094115553972
19,29,58,15,71.1999969482422,113.469995975494,518.859996795654,197.389999389648,2121.13999426365,8.41831370313816
19,29,58,15,71.1999969482422,113.469995975494,518.859996795654,197.389999389648,2119.25999462605,8.41094115553972
19,29,58,15,71.1999969482422,113.469995975494,518.859996795654,197.389999389648,2119.25999462605,8.41094115553972
19,29,58,15,71.1999969482422,113.469995975494,518.859996795654,197.389999389648,2119.25999462605,8.41094115553972
19,29,58,15,71.1999969482422,113.469995975494,518.859996795654,197.389999389648,2121.13999426365,8.41831370313816
19,29,58,15,71.1999969482422,113.469995975494,518.859996795654,197.389999389648,2119.25999462605,8.41094115553972
19,29,58,15,71.1999969482422,113.469995975494,518.859996795654,197.389999389648,2119.25999462605,8.41094115553972
19,29,58,15,71.1999969482422,113.469995975494,518.859996795654,197.389999389648,2119.25999462605,8.41094115553972
19,29,58,15,71.1999969482422,113.469995975494,518.859996795654,197.389999389648,2119.25999462605,8.41094115553972
19,29,58,15,71.1999969482422,113.469995975494,518.859996795654,197.389999389648,2119.25999462605,8.41094115553972
19,25,31,6,58.7400016784668,94.2099981307983,432.019999504089,181.680000305176,1321.32000029087,6.23165137780437
19,25,31,6,58.7400016784668,94.2099981307983,432.019999504089,181.680000305176,1321.32000029087,6.23165137780437
19,25,31,6,58.7400016784668,94.2099981307983,432.019999504089,181.680000305176,1321.32000029087,6.23165137780437
19,25,31,6,58.7400016784668,94.2099981307983,432.019999504089,181.680000305176,1321.32000029087,6.23165137780437
19,25,31,6,58.7400016784668,94.2099981307983,432.019999504089,181.680000305176,1321.32000029087,6.23165137780437
19,25,31,6,58.7400016784668,94.2099981307983,432.019999504089,181.680000305176,1321.32000029087,6.23165137780437
19,25,31,6,58.7400016784668,94.2099981307983,432.019999504089,181.680000305176,1321.32000029087,6.23165137780437
19,25,31,6,58.7400016784668,94.2099981307983,432.019999504089,181.680000305176,1321.32000029087,6.23165137780437
19,25,31,6,58.7400016784668,94.2099981307983,432.019999504089,181.680000305176,1321.32000029087,6.23165137780437
19,25,31,6,58.7400016784668,94.2099981307983,432.019999504089,181.680000305176,1322.82000029087,6.23853211174933
19,25,31,6,58.7400016784668,94.2099981307983,432.019999504089,181.680000305176,1322.82000029087,6.23853211174933
19,25,31,6,58.7400016784668,94.2099981307983,432.019999504089,181.680000305176,1322.82000029087,6.23853211174933
19,25,31,6,58.7400016784668,94.2099981307983,432.019999504089,181.680000305176,1321.32000029087,6.23165137780437
19,25,31,6,58.7400016784668,94.2099981307983,432.019999504089,181.680000305176,1321.32000029087,6.23165137780437
19,25,31,6,58.7400016784668,94.2099981307983,432.019999504089,181.680000305176,1321.32000029087,6.23165137780437
19,25,31,6,58.7400016784668,94.2099981307983,432.019999504089,181.680000305176,1322.82000029087,6.23853211174933
19,25,31,6,58.7400016784668,94.2099981307983,432.019999504089,181.680000305176,1321.32000029087,6.23165137780437
19,25,31,6,58.7400016784668,94.2099981307983,432.019999504089,181.680000305176,1321.32000029087,6.23165137780437
19,25,31,6,58.7400016784668,94.2099981307983,432.019999504089,181.680000305176,1321.32000029087,6.23165137780437
19,25,31,6,58.7400016784668,94.2099981307983,432.019999504089,181.680000305176,1321.32000029087,6.23165137780437
19,25,31,6,58.7400016784668,94.2099981307983,432.019999504089,181.680000305176,1321.32000029087,6.23165137780437
19,25,31,6,58.7400016784668,94.2099981307983,432.019999504089,181.680000305176,1321.32000029087,6.23165137780437
19,25,31,6,58.7400016784668,94.2099981307983,432.019999504089,181.680000305176,1321.32000029087,6.23165137780437
19,25,31,6,58.7400016784668,94.2099981307983,432.019999504089,181.680000305176,1321.32000029087,6.23165137780437
19,25,31,6,58.7400016784668,94.2099981307983,432.019999504089,181.680000305176,1321.32000029087,6.23165137780437
19,25,31,6,58.7400016784668,94.2099981307983,432.019999504089,181.680000305176,1321.32000029087,6.23165137780437
19,25,31,6,58.7400016784668,94.2099981307983,432.019999504089,181.680000305176,1321.32000029087,6.23165137780437
19,25,31,6,58.7400016784668,94.2099981307983,432.019999504089,181.680000305176,1321.32000029087,6.23165137780437
19,25,31,6,58.7400016784668,94.2099981307983,432.019999504089,181.680000305176,1321.32000029087,6.23165137780437
19,25,31,6,58.7400016784668,94.2099981307983,432.019999504089,181.680000305176,1321.32000029087,6.23165137780437
19,25,31,6,58.7400016784668,94.2099981307983,432.019999504089,181.680000305176,1321.32000029087,6.23165137780437
19,25,31,6,58.7400016784668,94.2099981307983,432.019999504089,181.680000305176,1321.32000029087,6.23165137780437
19,25,31,6,58.7400016784668,94.2099981307983,432.019999504089,181.680000305176,1321.32000029087,6.23165137780437
19,25,31,6,58.7400016784668,94.2099981307983,432.019999504089,181.680000305176,1321.32000029087,6.23165137780437
19,25,31,6,58.7400016784668,94.2099981307983,432.019999504089,181.680000305176,1321.32000029087,6.23165137780437
25,9,12,4,30.9799995422363,57.2500006146729,296.900000572205,108.5,670.160001277924,6.07336135441829
25,9,12,4,30.9799995422363,57.2500006146729,296.900000572205,108.5,670.160001277924,6.07336135441829
25,9,12,4,30.9799995422363,57.2500006146729,296.900000572205,108.5,670.160001277924,6.07336135441829
25,9,12,4,30.9799995422363,57.2500006146729,296.900000572205,108.5,670.160001277924,6.07336135441829
25,9,12,4,30.9799995422363,57.2500006146729,296.900000572205,108.5,670.160001277924,6.07336135441829
25,9,12,4,30.9799995422363,57.2500006146729,296.900000572205,108.5,670.160001277924,6.07336135441829
25,9,12,4,30.9799995422363,57.2500006146729,296.900000572205,108.5,670.160001277924,6.07336135441829
25,9,12,4,30.9799995422363,57.2500006146729,296.900000572205,108.5,670.160001277924,6.07336135441829
25,9,12,4,30.9799995422363,57.2500006146729,296.900000572205,108.5,670.160001277924,6.07336135441829
25,9,12,4,30.9799995422363,57.2500006146729,296.900000572205,108.5,670.160001277924,6.07336135441829
25,9,12,4,30.9799995422363,57.2500006146729,296.900000572205,108.5,670.160001277924,6.07336135441829
25,9,12,4,30.9799995422363,57.2500006146729,296.900000572205,108.5,670.160001277924,6.07336135441829
25,9,12,4,30.9799995422363,57.2500006146729,296.900000572205,108.5,670.160001277924,6.07336135441829
25,9,12,4,30.9799995422363,57.2500006146729,296.900000572205,108.5,670.770001173019,6.07848740395691
25,9,12,4,30.9799995422363,57.2500006146729,296.900000572205,108.5,670.770001173019,6.07848740395691
25,9,12,4,30.9799995422363,57.2500006146729,296.900000572205,108.5,670.770001173019,6.07848740395691
25,9,12,4,30.9799995422363,57.2500006146729,296.900000572205,108.5,680.290001630783,6.10491667931589
25,9,12,4,30.9799995422363,57.2500006146729,296.900000572205,108.5,680.290001630783,6.10491667931589
25,9,12,4,30.9799995422363,57.2500006146729,296.900000572205,108.5,680.290001630783,6.10491667931589
25,9,12,4,30.9799995422363,57.2500006146729,296.900000572205,108.5,670.770001173019,6.07848740395691
25,9,12,4,30.9799995422363,57.2500006146729,296.900000572205,108.5,680.290001630783,6.10491667931589
25,9,12,4,30.9799995422363,57.2500006146729,296.900000572205,108.5,680.290001630783,6.10491667931589
25,9,12,4,30.9799995422363,57.2500006146729,296.900000572205,108.5,680.290001630783,6.10491667931589
18,16,27,16,59.2099990844727,118.549999237061,558.779998779297,185.770000457764,1288.23999834061,8.52846152668532
18,16,27,16,59.2099990844727,118.549999237061,558.779998779297,185.770000457764,1288.23999834061,8.52846152668532
18,16,27,16,59.2099990844727,118.549999237061,558.779998779297,185.770000457764,1288.23999834061,8.52846152668532
18,16,27,16,59.2099990844727,118.549999237061,558.779998779297,185.770000457764,1288.23999834061,8.52846152668532
18,16,27,16,59.2099990844727,118.549999237061,558.779998779297,185.770000457764,1288.23999834061,8.52846152668532
18,16,27,16,59.2099990844727,118.549999237061,558.779998779297,185.770000457764,1288.23999834061,8.52846152668532
18,16,27,16,59.2099990844727,118.549999237061,558.779998779297,185.770000457764,1288.23999834061,8.52846152668532
18,16,27,16,59.2099990844727,118.549999237061,558.779998779297,185.770000457764,1288.23999834061,8.52846152668532
18,16,27,16,59.2099990844727,118.549999237061,558.779998779297,185.770000457764,1288.23999834061,8.52846152668532
18,16,27,16,59.2099990844727,118.549999237061,558.779998779297,185.770000457764,1288.23999834061,8.52846152668532
18,16,27,16,59.2099990844727,118.549999237061,558.779998779297,185.770000457764,1288.23999834061,8.52846152668532
18,16,27,16,59.2099990844727,118.549999237061,558.779998779297,185.770000457764,1288.23999834061,8.52846152668532
13,33,41,20,46.7299995422363,119.029998779297,540.689998626709,160.759998321533,1836.56999874115,8.06309012356394
18,16,27,16,59.2099990844727,118.549999237061,558.779998779297,185.770000457764,1288.23999834061,8.52846152668532
18,16,27,16,59.2099990844727,118.549999237061,558.779998779297,185.770000457764,1288.23999834061,8.52846152668532
18,16,27,16,59.2099990844727,118.549999237061,558.779998779297,185.770000457764,1288.23999834061,8.52846152668532
18,16,27,16,59.2099990844727,118.549999237061,558.779998779297,185.770000457764,1288.23999834061,8.52846152668532
18,16,27,16,59.2099990844727,118.549999237061,558.779998779297,185.770000457764,1288.23999834061,8.52846152668532
18,16,27,16,59.2099990844727,118.549999237061,558.779998779297,185.770000457764,1288.23999834061,8.52846152668532
18,16,27,16,59.2099990844727,118.549999237061,558.779998779297,185.770000457764,1288.23999834061,8.52846152668532
18,16,27,16,59.2099990844727,118.549999237061,558.779998779297,185.770000457764,1288.23999834061,8.52846152668532
18,16,27,16,59.2099990844727,118.549999237061,558.779998779297,185.770000457764,1288.23999834061,8.52846152668532
18,16,27,16,59.2099990844727,118.549999237061,558.779998779297,185.770000457764,1289.68999838829,8.48178342809295
18,16,27,16,59.2099990844727,118.549999237061,558.779998779297,185.770000457764,1289.68999838829,8.48178342809295
18,16,27,16,59.2099990844727,118.549999237061,558.779998779297,185.770000457764,1289.68999838829,8.48178342809295
18,16,27,16,59.2099990844727,118.549999237061,558.779998779297,185.770000457764,1289.68999838829,8.48178342809295
18,16,27,16,59.2099990844727,118.549999237061,558.779998779297,185.770000457764,1289.68999838829,8.48178342809295
18,16,27,16,59.2099990844727,118.549999237061,558.779998779297,185.770000457764,1289.68999838829,8.48178342809295
18,16,27,16,59.2099990844727,118.549999237061,558.779998779297,185.770000457764,1289.68999838829,8.48178342809295
18,16,27,16,59.2099990844727,118.549999237061,558.779998779297,185.770000457764,1289.68999838829,8.48178342809295
18,16,27,16,59.2099990844727,118.549999237061,558.779998779297,185.770000457764,1289.68999838829,8.48178342809295
18,16,27,16,59.2099990844727,118.549999237061,558.779998779297,185.770000457764,1289.68999838829,8.48178342809295
18,16,27,16,59.2099990844727,118.549999237061,558.779998779297,185.770000457764,1289.68999838829,8.48178342809295
18,16,27,16,59.2099990844727,118.549999237061,558.779998779297,185.770000457764,1289.68999838829,8.48178342809295
12,30,38,12,67.7399978637695,118.389997720718,517.390001296997,186.970001220703,1745.0000038147,7.23975710099495
12,30,38,12,67.7399978637695,118.389997720718,517.390001296997,186.970001220703,1745.0000038147,7.23975710099495
12,30,38,12,67.7399978637695,118.389997720718,517.390001296997,186.970001220703,1745.0000038147,7.23975710099495
12,30,38,12,67.7399978637695,118.389997720718,517.390001296997,186.970001220703,1745.0000038147,7.23975710099495
12,30,38,12,67.7399978637695,118.389997720718,517.390001296997,186.970001220703,1745.0000038147,7.23975710099495
12,30,38,12,67.7399978637695,118.389997720718,517.390001296997,186.970001220703,1745.0000038147,7.23975710099495
12,30,38,12,67.7399978637695,118.389997720718,517.390001296997,186.970001220703,1745.0000038147,7.23975710099495
12,30,38,12,67.7399978637695,118.389997720718,517.390001296997,186.970001220703,1745.0000038147,7.23975710099495
12,30,38,12,67.7399978637695,118.389997720718,517.390001296997,186.970001220703,1745.0000038147,7.23975710099495
12,30,38,12,67.7399978637695,118.389997720718,517.390001296997,186.970001220703,1745.0000038147,7.23975710099495
12,30,38,12,67.7399978637695,118.389997720718,517.390001296997,186.970001220703,1745.0000038147,7.23975710099495
12,30,38,12,67.7399978637695,118.389997720718,517.390001296997,186.970001220703,1745.0000038147,7.23975710099495
12,30,38,12,67.7399978637695,118.389997720718,517.390001296997,186.970001220703,1745.0000038147,7.23975710099495
12,30,38,12,67.7399978637695,118.389997720718,517.390001296997,186.970001220703,1745.0000038147,7.23975710099495
12,30,38,12,67.7399978637695,118.389997720718,517.390001296997,186.970001220703,1745.0000038147,7.23975710099495
12,30,38,12,67.7399978637695,118.389997720718,517.390001296997,186.970001220703,1745.0000038147,7.23975710099495
12,30,38,12,67.7399978637695,118.389997720718,517.390001296997,186.970001220703,1745.0000038147,7.23975710099495
12,30,38,12,67.7399978637695,118.389997720718,517.390001296997,186.970001220703,1745.0000038147,7.23975710099495
12,30,38,12,67.7399978637695,118.389997720718,517.390001296997,186.970001220703,1745.0000038147,7.23975710099495
12,30,38,12,67.7399978637695,118.389997720718,517.390001296997,186.970001220703,1745.0000038147,7.23975710099495
13,33,41,20,46.7299995422363,119.029998779297,540.689998626709,160.759998321533,1834.61999905109,8.01935897051938
13,33,41,20,46.7299995422363,119.029998779297,540.689998626709,160.759998321533,1834.61999905109,8.01935897051938
13,33,41,20,46.7299995422363,119.029998779297,540.689998626709,160.759998321533,1834.61999905109,8.01935897051938
13,33,41,20,46.7299995422363,119.029998779297,540.689998626709,160.759998321533,1834.61999905109,8.01935897051938
13,33,41,20,46.7299995422363,119.029998779297,540.689998626709,160.759998321533,1834.61999905109,8.01935897051938
13,33,41,20,46.7299995422363,119.029998779297,540.689998626709,160.759998321533,1834.61999905109,8.01935897051938
13,33,41,20,46.7299995422363,119.029998779297,540.689998626709,160.759998321533,1834.61999905109,8.01935897051938
13,33,41,20,46.7299995422363,119.029998779297,540.689998626709,160.759998321533,1834.61999905109,8.01935897051938
13,33,41,20,46.7299995422363,119.029998779297,540.689998626709,160.759998321533,1834.61999905109,8.01935897051938
13,33,41,20,46.7299995422363,119.029998779297,540.689998626709,160.759998321533,1834.61999905109,8.01935897051938
13,33,41,20,46.7299995422363,119.029998779297,540.689998626709,160.759998321533,1834.61999905109,8.01935897051938
13,33,41,20,46.7299995422363,119.029998779297,540.689998626709,160.759998321533,1834.61999905109,8.01935897051938
13,33,41,20,46.7299995422363,119.029998779297,540.689998626709,160.759998321533,1834.61999905109,8.01935897051938
25,13,40,10,36.939998626709,86.2899989187717,425.920004844666,135.090002059937,1276.3000010252,8.36006329682526
25,13,40,10,36.939998626709,86.2899989187717,425.920004844666,135.090002059937,1276.3000010252,8.36006329682526
25,13,40,10,36.939998626709,86.2899989187717,425.920004844666,135.090002059937,1276.3000010252,8.36006329682526
25,13,40,10,36.939998626709,86.2899989187717,425.920004844666,135.090002059937,1276.3000010252,8.36006329682526
25,13,40,10,36.939998626709,86.2899989187717,425.920004844666,135.090002059937,1276.3000010252,8.36006329682526
25,13,40,10,36.939998626709,86.2899989187717,425.920004844666,135.090002059937,1276.3000010252,8.36006329682526
25,13,40,10,36.939998626709,86.2899989187717,425.920004844666,135.090002059937,1276.3000010252,8.36006329682526
25,13,40,10,36.939998626709,86.2899989187717,425.920004844666,135.090002059937,1276.3000010252,8.36006329682526
25,13,40,10,36.939998626709,86.2899989187717,425.920004844666,135.090002059937,1276.3000010252,8.36006329682526
25,13,40,10,36.939998626709,86.2899989187717,425.920004844666,135.090002059937,1276.3000010252,8.36006329682526
25,13,40,10,36.939998626709,86.2899989187717,425.920004844666,135.090002059937,1276.3000010252,8.36006329682526
25,13,40,10,36.939998626709,86.2899989187717,425.920004844666,135.090002059937,1276.3000010252,8.36006329682526
25,13,40,10,36.939998626709,86.2899989187717,425.920004844666,135.090002059937,1276.3000010252,8.36006329682526
25,13,40,10,36.939998626709,86.2899989187717,425.920004844666,135.090002059937,1276.3000010252,8.36006329682526
25,13,40,10,36.939998626709,86.2899989187717,425.920004844666,135.090002059937,1276.3000010252,8.36006329682526
25,13,40,10,36.939998626709,86.2899989187717,425.920004844666,135.090002059937,1276.3000010252,8.36006329682526
25,13,40,10,36.939998626709,86.2899989187717,425.920004844666,135.090002059937,1273.20000112057,8.39872612099454
25,13,40,10,36.939998626709,86.2899989187717,425.920004844666,135.090002059937,1273.20000112057,8.39872612099454
25,13,40,10,36.939998626709,86.2899989187717,425.920004844666,135.090002059937,1273.20000112057,8.39872612099454
25,13,40,10,36.939998626709,86.2899989187717,425.920004844666,135.090002059937,1273.20000112057,8.39872612099454
25,13,40,10,36.939998626709,86.2899989187717,425.920004844666,135.090002059937,1273.20000112057,8.39872612099454
25,13,40,10,36.939998626709,86.2899989187717,425.920004844666,135.090002059937,1273.20000112057,8.39872612099454
25,13,40,10,36.939998626709,86.2899989187717,425.920004844666,135.090002059937,1273.20000112057,8.39872612099454
25,13,40,10,36.939998626709,86.2899989187717,425.920004844666,135.090002059937,1273.20000112057,8.39872612099454
25,13,40,10,36.939998626709,86.2899989187717,425.920004844666,135.090002059937,1273.20000112057,8.39872612099454
25,13,40,10,36.939998626709,86.2899989187717,425.920004844666,135.090002059937,1273.20000112057,8.39872612099454
25,13,40,10,36.939998626709,86.2899989187717,425.920004844666,135.090002059937,1273.20000112057,8.39872612099454
25,13,40,10,36.939998626709,86.2899989187717,425.920004844666,135.090002059937,1273.20000112057,8.39872612099454
25,13,40,10,36.939998626709,86.2899989187717,425.920004844666,135.090002059937,1273.20000112057,8.39872612099454
25,13,40,10,36.939998626709,86.2899989187717,425.920004844666,135.090002059937,1273.20000112057,8.39872612099454
7,27,38,8,31.3600006103516,83.0400013923645,383.000001907349,114.520002365112,1756.46000564098,6.31918729923981
7,27,38,8,31.3600006103516,83.0400013923645,383.000001907349,114.520002365112,1756.46000564098,6.31918729923981
7,27,38,8,31.3600006103516,83.0400013923645,383.000001907349,114.520002365112,1756.46000564098,6.31918729923981
7,27,38,8,31.3600006103516,83.0400013923645,383.000001907349,114.520002365112,1756.46000564098,6.31918729923981
7,27,38,8,31.3600006103516,83.0400013923645,383.000001907349,114.520002365112,1756.46000564098,6.31918729923981
7,27,38,8,31.3600006103516,83.0400013923645,383.000001907349,114.520002365112,1756.46000564098,6.31918729923981
7,27,38,8,31.3600006103516,83.0400013923645,383.000001907349,114.520002365112,1756.46000564098,6.31918729923981
7,27,38,8,31.3600006103516,83.0400013923645,383.000001907349,114.520002365112,1756.46000564098,6.31918729923981
7,27,38,8,31.3600006103516,83.0400013923645,383.000001907349,114.520002365112,1756.46000564098,6.31918729923981
7,27,38,8,31.3600006103516,83.0400013923645,383.000001907349,114.520002365112,1756.46000564098,6.31918729923981
7,27,38,8,31.3600006103516,83.0400013923645,383.000001907349,114.520002365112,1756.46000564098,6.31918729923981
7,27,38,8,31.3600006103516,83.0400013923645,383.000001907349,114.520002365112,1756.46000564098,6.31918729923981
7,27,38,8,31.3600006103516,83.0400013923645,383.000001907349,114.520002365112,1756.46000564098,6.31918729923981
7,27,38,8,31.3600006103516,83.0400013923645,383.000001907349,114.520002365112,1756.46000564098,6.31918729923981
7,27,38,8,31.3600006103516,83.0400013923645,383.000001907349,114.520002365112,1756.46000564098,6.31918729923981
7,27,38,8,31.3600006103516,83.0400013923645,383.000001907349,114.520002365112,1756.46000564098,6.31918729923981
7,27,38,8,31.3600006103516,83.0400013923645,383.000001907349,114.520002365112,1756.46000564098,6.31918729923981
7,27,38,8,31.3600006103516,83.0400013923645,383.000001907349,114.520002365112,1753.08000552654,6.3072438359379
7,27,38,8,31.3600006103516,83.0400013923645,383.000001907349,114.520002365112,1753.08000552654,6.3072438359379
7,27,38,8,31.3600006103516,83.0400013923645,383.000001907349,114.520002365112,1756.46000564098,6.31918729923981
7,27,38,8,31.3600006103516,83.0400013923645,383.000001907349,114.520002365112,1753.08000552654,6.3072438359379
16,26,35,7,34.2000007629395,92.0400004386902,381.079997062683,122.640001296997,1438.79999780655,6.43487067901176
16,26,35,7,34.2000007629395,92.0400004386902,381.079997062683,122.640001296997,1438.79999780655,6.43487067901176
16,26,35,7,34.2000007629395,92.0400004386902,381.079997062683,122.640001296997,1438.79999780655,6.43487067901176
16,26,35,7,34.2000007629395,92.0400004386902,381.079997062683,122.640001296997,1438.79999780655,6.43487067901176
16,26,35,7,34.2000007629395,92.0400004386902,381.079997062683,122.640001296997,1438.79999780655,6.43487067901176
16,26,35,7,34.2000007629395,92.0400004386902,381.079997062683,122.640001296997,1438.79999780655,6.43487067901176
16,26,35,7,34.2000007629395,92.0400004386902,381.079997062683,122.640001296997,1438.79999780655,6.43487067901176
16,26,35,7,34.2000007629395,92.0400004386902,381.079997062683,122.640001296997,1438.79999780655,6.43487067901176
16,26,35,7,34.2000007629395,92.0400004386902,381.079997062683,122.640001296997,1438.79999780655,6.43487067901176
16,26,35,7,34.2000007629395,92.0400004386902,381.079997062683,122.640001296997,1437.20999777317,6.42801723059203
16,26,35,7,34.2000007629395,92.0400004386902,381.079997062683,122.640001296997,1438.79999780655,6.43487067901176
16,26,35,7,34.2000007629395,92.0400004386902,381.079997062683,122.640001296997,1437.20999777317,6.42801723059203
16,26,35,7,34.2000007629395,92.0400004386902,381.079997062683,122.640001296997,1437.20999777317,6.42801723059203
16,26,35,7,34.2000007629395,92.0400004386902,381.079997062683,122.640001296997,1437.20999777317,6.42801723059203
16,26,35,7,34.2000007629395,92.0400004386902,381.079997062683,122.640001296997,1438.79999780655,6.43487067901176
16,26,35,7,34.2000007629395,92.0400004386902,381.079997062683,122.640001296997,1438.79999780655,6.43487067901176
16,26,35,7,34.2000007629395,92.0400004386902,381.079997062683,122.640001296997,1437.20999777317,6.42801723059203
16,26,35,7,34.2000007629395,92.0400004386902,381.079997062683,122.640001296997,1437.20999777317,6.42801723059203
38,17,22,6,25.6100006103516,74.8400001525879,353.269996643066,97.6900005340576,1087.29999613762,6.47534480440462
38,17,23,6,25.6100006103516,74.8400001525879,353.269996643066,97.6900005340576,1093.50999617577,6.51103445979627
38,17,22,6,25.6100006103516,74.8400001525879,353.269996643066,97.6900005340576,1087.29999613762,6.47534480440462
38,17,23,6,25.6100006103516,74.8400001525879,353.269996643066,97.6900005340576,1093.50999617577,6.51103445979627
38,17,23,6,25.6100006103516,74.8400001525879,353.269996643066,97.6900005340576,1093.50999617577,6.51103445979627
38,17,22,6,25.6100006103516,74.8400001525879,353.269996643066,97.6900005340576,1087.29999613762,6.47534480440462
38,17,22,6,25.6100006103516,74.8400001525879,353.269996643066,97.6900005340576,1087.29999613762,6.47534480440462
38,17,23,6,25.6100006103516,74.8400001525879,353.269996643066,97.6900005340576,1093.50999617577,6.51103445979627
38,17,22,6,25.6100006103516,74.8400001525879,353.269996643066,97.6900005340576,1087.29999613762,6.47534480440462
38,17,22,6,25.6100006103516,74.8400001525879,353.269996643066,97.6900005340576,1087.29999613762,6.47534480440462
38,17,22,6,25.6100006103516,74.8400001525879,353.269996643066,97.6900005340576,1087.29999613762,6.47534480440462
38,17,23,6,25.6100006103516,74.8400001525879,353.269996643066,97.6900005340576,1093.50999617577,6.51103445979627
38,17,22,6,25.6100006103516,74.8400001525879,353.269996643066,97.6900005340576,1087.29999613762,6.47534480440462
38,17,22,6,25.6100006103516,74.8400001525879,353.269996643066,97.6900005340576,1087.29999613762,6.47534480440462
38,17,22,6,25.6100006103516,74.8400001525879,353.269996643066,97.6900005340576,1087.29999613762,6.47534480440462
38,17,22,6,25.6100006103516,74.8400001525879,353.269996643066,97.6900005340576,1087.29999613762,6.47534480440462
38,17,22,6,25.6100006103516,74.8400001525879,353.269996643066,97.6900005340576,1087.29999613762,6.47534480440462
38,17,22,6,25.6100006103516,74.8400001525879,353.269996643066,97.6900005340576,1087.29999613762,6.47534480440462
38,17,23,6,25.6100006103516,74.8400001525879,353.269996643066,97.6900005340576,1093.50999617577,6.51103445979627
38,12,19,5,30.7900009155273,87.0999984741211,318.439997673035,100.829999923706,871.600000858307,5.88167742332143
38,12,19,5,30.7900009155273,87.0999984741211,318.439997673035,100.829999923706,868.310001134872,5.86045161865411
38,12,19,5,30.7900009155273,87.0999984741211,318.439997673035,100.829999923706,871.600000858307,5.88167742332143
38,12,19,5,30.7900009155273,87.0999984741211,318.439997673035,100.829999923706,871.600000858307,5.88167742332143
38,12,19,5,30.7900009155273,87.0999984741211,318.439997673035,100.829999923706,868.310001134872,5.86045161865411
38,12,19,5,30.7900009155273,87.0999984741211,318.439997673035,100.829999923706,868.310001134872,5.86045161865411
38,12,19,5,30.7900009155273,87.0999984741211,318.439997673035,100.829999923706,871.600000858307,5.88167742332143
38,12,19,5,30.7900009155273,87.0999984741211,318.439997673035,100.829999923706,871.600000858307,5.88167742332143
38,12,19,5,30.7900009155273,87.0999984741211,318.439997673035,100.829999923706,871.600000858307,5.88167742332143
24,25,44,13,40.25,105.85000038147,436.339998245239,125.170000076294,1526.71999943256,7.61048780169974
24,25,44,13,40.25,105.85000038147,436.339998245239,125.170000076294,1526.71999943256,7.61048780169974
38,12,19,5,30.7900009155273,87.0999984741211,318.439997673035,100.829999923706,871.600000858307,5.88167742332143
38,12,19,5,30.7900009155273,87.0999984741211,318.439997673035,100.829999923706,871.600000858307,5.88167742332143
24,25,44,13,40.25,105.85000038147,436.339998245239,125.170000076294,1526.71999943256,7.61048780169974
38,12,19,5,30.7900009155273,87.0999984741211,318.439997673035,100.829999923706,871.600000858307,5.88167742332143
38,12,19,5,30.7900009155273,87.0999984741211,318.439997673035,100.829999923706,871.600000858307,5.88167742332143
38,12,19,5,30.7900009155273,87.0999984741211,318.439997673035,100.829999923706,871.600000858307,5.88167742332143
38,12,19,5,30.7900009155273,87.0999984741211,318.439997673035,100.829999923706,871.600000858307,5.88167742332143
22,13,29,2,25.1499996185303,62.4100004434586,297.820001602173,83.4400005340576,1247.83000123501,5.6544104851945
22,13,29,2,25.1499996185303,62.4100004434586,297.820001602173,83.4400005340576,1247.83000123501,5.6544104851945
22,13,29,2,25.1499996185303,62.4100004434586,297.820001602173,83.4400005340576,1247.83000123501,5.6544104851945
22,13,29,2,25.1499996185303,62.4100004434586,297.820001602173,83.4400005340576,1247.83000123501,5.6544104851945
22,13,29,2,25.1499996185303,62.4100004434586,297.820001602173,83.4400005340576,1247.83000123501,5.6544104851945
22,13,29,2,25.1499996185303,62.4100004434586,297.820001602173,83.4400005340576,1247.83000123501,5.6544104851945
22,13,29,2,25.1499996185303,62.4100004434586,297.820001602173,83.4400005340576,1247.83000123501,5.6544104851945
22,13,29,2,25.1499996185303,62.4100004434586,297.820001602173,83.4400005340576,1247.83000123501,5.6544104851945
22,13,29,2,25.1499996185303,62.4100004434586,297.820001602173,83.4400005340576,1247.83000123501,5.6544104851945
22,13,29,2,25.1499996185303,62.4100004434586,297.820001602173,83.4400005340576,1247.83000123501,5.6544104851945
22,13,29,2,25.1499996185303,62.4100004434586,297.820001602173,83.4400005340576,1247.83000123501,5.6544104851945
22,13,29,2,25.1499996185303,62.4100004434586,297.820001602173,83.4400005340576,1247.83000123501,5.6544104851945
22,14,29,2,25.1499996185303,62.4100004434586,297.820001602173,83.4400005340576,1249.64000117779,5.66231441507563
22,14,29,2,25.1499996185303,62.4100004434586,297.820001602173,83.4400005340576,1249.64000117779,5.66231441507563
22,14,29,2,25.1499996185303,62.4100004434586,297.820001602173,83.4400005340576,1249.64000117779,5.66231441507563
22,14,29,2,25.1499996185303,62.4100004434586,297.820001602173,83.4400005340576,1249.64000117779,5.66231441507563
22,13,29,2,25.1499996185303,62.4100004434586,297.820001602173,83.4400005340576,1247.83000123501,5.6544104851945
22,14,29,2,25.1499996185303,62.4100004434586,297.820001602173,83.4400005340576,1249.64000117779,5.66231441507563
22,14,29,2,25.1499996185303,62.4100004434586,297.820001602173,83.4400005340576,1249.64000117779,5.66231441507563
22,14,29,2,25.1499996185303,62.4100004434586,297.820001602173,83.4400005340576,1249.64000117779,5.66231441507563
22,14,29,2,25.1499996185303,62.4100004434586,297.820001602173,83.4400005340576,1249.64000117779,5.66231441507563
22,14,29,2,25.1499996185303,62.4100004434586,297.820001602173,83.4400005340576,1249.64000117779,5.66231441507563
22,14,29,2,25.1499996185303,62.4100004434586,297.820001602173,83.4400005340576,1249.64000117779,5.66231441507563
18,15,31,2,23.1800003051758,70.8699998855591,290.529998779297,79.670000076294,1243.46000039577,5.54318965582081
19,18,21,0,15.4700002670288,54.7299990653992,244.349999427795,59.5199995040894,900.780000329018,4.81686868894883
19,18,21,0,15.4700002670288,54.7299990653992,244.349999427795,59.5199995040894,900.780000329018,4.81686868894883
19,18,21,0,15.4700002670288,54.7299990653992,244.349999427795,59.5199995040894,900.780000329018,4.81686868894883
19,18,21,0,15.4700002670288,54.7299990653992,244.349999427795,59.5199995040894,900.780000329018,4.81686868894883
18,15,31,2,23.1800003051758,70.8699998855591,290.529998779297,79.670000076294,1243.46000039577,5.54318965582081
19,18,21,0,15.4700002670288,54.7299990653992,244.349999427795,59.5199995040894,900.780000329018,4.81686868894883
19,18,21,0,15.4700002670288,54.7299990653992,244.349999427795,59.5199995040894,900.780000329018,4.81686868894883
19,18,21,0,15.4700002670288,54.7299990653992,244.349999427795,59.5199995040894,900.780000329018,4.81686868894883
19,18,21,0,15.4700002670288,54.7299990653992,244.349999427795,59.5199995040894,900.780000329018,4.81686868894883
19,18,21,0,15.4700002670288,54.7299990653992,244.349999427795,59.5199995040894,900.780000329018,4.81686868894883
18,15,31,2,23.1800003051758,70.8699998855591,290.529998779297,79.670000076294,1243.46000039577,5.54318965582081
18,15,31,2,23.1800003051758,70.8699998855591,290.529998779297,79.670000076294,1243.46000039577,5.54318965582081
18,14,31,2,23.1800003051758,70.8699998855591,290.529998779297,79.670000076294,1250.19000041485,5.57219827659268
18,14,31,2,23.1800003051758,70.8699998855591,290.529998779297,79.670000076294,1250.19000041485,5.57219827659268
18,15,31,2,23.1800003051758,70.8699998855591,290.529998779297,79.670000076294,1243.46000039577,5.54318965582081
18,14,31,2,23.1800003051758,70.8699998855591,290.529998779297,79.670000076294,1250.19000041485,5.57219827659268
18,14,31,2,23.1800003051758,70.8699998855591,290.529998779297,79.670000076294,1250.19000041485,5.57219827659268
18,14,31,2,23.1800003051758,70.8699998855591,290.529998779297,79.670000076294,1250.19000041485,5.57219827659268
38,13,18,5,34.2900009155273,106.820001602173,352.470003128052,113.220001220703,912.110000014305,7.32853846163131
38,13,17,5,34.2900009155273,106.820001602173,347.900002479553,113.220001220703,896.359999775887,7.20738461364347
38,13,17,5,34.2900009155273,106.820001602173,347.900002479553,113.220001220703,896.359999775887,7.20738461364347
38,13,17,5,34.2900009155273,106.820001602173,347.900002479553,113.220001220703,896.359999775887,7.20738461364347
38,13,17,5,34.2900009155273,106.820001602173,347.900002479553,113.220001220703,896.359999775887,7.20738461364347
38,13,17,5,34.2900009155273,106.820001602173,347.900002479553,113.220001220703,896.359999775887,7.20738461364347
38,13,17,5,34.2900009155273,106.820001602173,347.900002479553,113.220001220703,896.359999775887,7.20738461364347
38,13,17,5,34.2900009155273,106.820001602173,347.900002479553,113.220001220703,896.359999775887,7.20738461364347
38,13,17,5,34.2900009155273,106.820001602173,347.900002479553,113.220001220703,896.359999775887,7.20738461364347
38,13,17,5,34.2900009155273,106.820001602173,347.900002479553,113.220001220703,896.359999775887,7.20738461364347
38,13,18,5,34.2900009155273,106.820001602173,352.470003128052,113.220001220703,912.110000014305,7.32853846163131
38,13,18,5,34.2900009155273,106.820001602173,352.470003128052,113.220001220703,912.110000014305,7.32853846163131
38,13,18,5,34.2900009155273,106.820001602173,352.470003128052,113.220001220703,912.110000014305,7.32853846163131
38,13,18,5,34.2900009155273,106.820001602173,352.470003128052,113.220001220703,912.110000014305,7.32853846163131
38,13,18,5,34.2900009155273,106.820001602173,352.470003128052,113.220001220703,912.110000014305,7.32853846163131
38,13,18,5,34.2900009155273,106.820001602173,352.470003128052,113.220001220703,912.110000014305,7.32853846163131
38,13,18,5,34.2900009155273,106.820001602173,352.470003128052,113.220001220703,912.110000014305,7.32853846163131
38,13,18,5,34.2900009155273,106.820001602173,352.470003128052,113.220001220703,912.110000014305,7.32853846163131
38,13,18,5,34.2900009155273,106.820001602173,352.470003128052,113.220001220703,912.110000014305,7.32853846163131
38,13,18,5,34.2900009155273,106.820001602173,352.470003128052,113.220001220703,912.110000014305,7.32853846163131
38,13,18,5,34.2900009155273,106.820001602173,352.470003128052,113.220001220703,912.110000014305,7.32853846163131
38,17,22,4,33.8499984741211,104.419998168945,345.500000953674,109.589998245239,919.690002202988,7.00343067275129
38,13,14,5,34.2900009155273,106.820001602173,339.300001144409,113.220001220703,838.219999432564,6.91551180598949
38,13,17,5,34.2900009155273,106.820001602173,347.900002479553,113.220001220703,894.439999818802,7.25240309920537
38,17,22,4,33.8499984741211,104.419998168945,345.500000953674,109.589998245239,919.690002202988,7.00343067275129
38,17,22,4,33.8499984741211,104.419998168945,345.500000953674,109.589998245239,919.690002202988,7.00343067275129
38,13,17,5,34.2900009155273,106.820001602173,347.900002479553,113.220001220703,894.439999818802,7.25240309920537
38,17,22,4,33.8499984741211,104.419998168945,345.500000953674,109.589998245239,919.690002202988,7.00343067275129
38,17,22,4,33.8499984741211,104.419998168945,345.500000953674,109.589998245239,921.04000222683,6.95905798689827
38,17,22,4,33.8499984741211,104.419998168945,345.500000953674,109.589998245239,921.04000222683,6.95905798689827
38,17,22,4,33.8499984741211,104.419998168945,345.500000953674,109.589998245239,921.04000222683,6.95905798689827
38,17,22,4,33.8499984741211,104.419998168945,345.500000953674,109.589998245239,921.04000222683,6.95905798689827
38,17,22,4,33.8499984741211,104.419998168945,345.500000953674,109.589998245239,921.04000222683,6.95905798689827
38,17,22,4,33.8499984741211,104.419998168945,345.500000953674,109.589998245239,919.690002202988,7.00343067275129
38,17,22,4,33.8499984741211,104.419998168945,345.500000953674,109.589998245239,919.690002202988,7.00343067275129
38,17,22,4,33.8499984741211,104.419998168945,345.500000953674,109.589998245239,921.04000222683,6.95905798689827
38,17,22,4,33.8499984741211,104.419998168945,345.500000953674,109.589998245239,921.04000222683,6.95905798689827
38,17,23,4,33.8499984741211,104.419998168945,347.670001029968,109.589998245239,935.470002532005,7.0064748381432
38,17,22,4,33.8499984741211,104.419998168945,345.500000953674,109.589998245239,919.690002202988,7.00343067275129
