"maxDT","minDT","maxNT","minNT","DTR","SU","TR","CFD","WSDI","CSDI","T10p","T90p"
30.7612548828125,22.2394653320313,19.9857421875,16.2486206054688,7,8,0,0,12,7,17.0300689697266,28.0996032714844
30.7612548828125,22.2394653320313,19.9857421875,16.2486206054688,7,8,0,0,12,7,17.0300689697266,28.0996032714844
30.7612548828125,22.2394653320313,19.9857421875,16.2486206054688,7,8,0,0,12,7,17.0300689697266,28.0996032714844
30.7612548828125,22.2394653320313,19.9857421875,16.2486206054688,7,8,0,0,12,7,17.0300689697266,28.0996032714844
30.7612548828125,22.2394653320313,19.9857421875,16.2486206054688,7,8,0,0,12,7,17.0300689697266,28.0996032714844
30.7612548828125,22.2394653320313,19.9857421875,16.2486206054688,7,8,0,0,12,7,17.0300689697266,28.0996032714844
30.7612548828125,22.2394653320313,19.9857421875,16.2486206054688,7,8,0,0,12,7,17.0300689697266,28.0996032714844
30.7612548828125,22.2394653320313,19.9857421875,16.2486206054688,7,8,0,0,12,7,17.0300689697266,28.0996032714844
30.7612548828125,22.2394653320313,19.9857421875,16.2486206054688,7,8,0,0,12,7,17.0300689697266,28.0996032714844
30.7612548828125,22.2394653320313,19.9857421875,16.2486206054688,7,8,0,0,12,7,17.0300689697266,28.0996032714844
30.4111572265625,22.2512145996094,19.1788269042969,15.3359619140625,8,2,0,0,12,7,16.0842681884766,27.8483367919922
30.3608947753906,22.4416137695313,19.4225708007813,15.4001708984375,8,2,0,0,12,6,16.091195678711,27.8766265869141
30.4111572265625,22.2512145996094,19.1788269042969,15.3359619140625,8,2,0,0,12,7,16.0842681884766,27.8483367919922
30.4111572265625,22.2512145996094,19.1788269042969,15.3359619140625,8,2,0,0,12,7,16.0842681884766,27.8483367919922
30.4111572265625,22.2512145996094,19.1788269042969,15.3359619140625,8,2,0,0,12,7,16.0842681884766,27.8483367919922
31.2306457519531,21.98037109375,19.47255859375,15.0979248046875,8,8,0,0,12,4,16.2882476806641,28.0204711914063
30.0613952636719,21.8643432617188,18.9562927246094,15.1647277832031,8,1,0,0,12,3,16.0729156494141,27.6409851074219
31.2306457519531,21.98037109375,19.47255859375,15.0979248046875,8,8,0,0,12,4,16.2882476806641,28.0204711914063
30.0613952636719,21.8643432617188,18.9562927246094,15.1647277832031,8,1,0,0,12,3,16.0729156494141,27.6409851074219
31.2306457519531,21.98037109375,19.47255859375,15.0979248046875,8,8,0,0,12,4,16.2882476806641,28.0204711914063
31.2306457519531,21.98037109375,19.47255859375,15.0979248046875,8,8,0,0,12,4,16.2882476806641,28.0204711914063
31.2306457519531,21.98037109375,19.47255859375,15.0979248046875,8,8,0,0,12,4,16.2882476806641,28.0204711914063
31.2306457519531,21.98037109375,19.47255859375,15.0979248046875,8,8,0,0,12,4,16.2882476806641,28.0204711914063
30.0613952636719,21.8643432617188,18.9562927246094,15.1647277832031,8,1,0,0,12,3,16.0729156494141,27.6409851074219
30.0613952636719,21.8643432617188,18.9562927246094,15.1647277832031,8,1,0,0,12,3,16.0729156494141,27.6409851074219
30.0613952636719,21.8643432617188,18.9562927246094,15.1647277832031,8,1,0,0,12,3,16.0729156494141,27.6409851074219
30.0613952636719,21.8643432617188,18.9562927246094,15.1647277832031,8,1,0,0,12,3,16.0729156494141,27.6409851074219
30.0613952636719,21.8643432617188,18.9562927246094,15.1647277832031,8,1,0,0,12,3,16.0729156494141,27.6409851074219
30.0613952636719,21.8643432617188,18.9562927246094,15.1647277832031,8,1,0,0,12,3,16.0729156494141,27.6409851074219
30.0613952636719,21.8643432617188,18.9562927246094,15.1647277832031,8,1,0,0,12,3,16.0729156494141,27.6409851074219
30.0613952636719,21.8643432617188,18.9562927246094,15.1647277832031,8,1,0,0,12,3,16.0729156494141,27.6409851074219
32.08681640625,23.1606384277344,19.6972595214844,15.0075927734375,10,41,0,0,10,4,16.3462005615235,30.3337341308594
32.08681640625,23.1606384277344,19.6972595214844,15.0075927734375,10,41,0,0,10,4,16.3462005615235,30.3337341308594
31.739404296875,22.6055847167969,20.123681640625,16.230615234375,9,29,0,0,12,2,17.0028625488281,29.5720153808594
32.7016540527344,23.0549560546875,20.3529907226563,16.3276306152344,9,47,0,0,12,2,17.1551300048828,30.4612518310547
32.7016540527344,23.0549560546875,20.3529907226563,16.3276306152344,9,47,0,0,12,2,17.1551300048828,30.4612518310547
32.7016540527344,23.0549560546875,20.3529907226563,16.3276306152344,9,47,0,0,12,2,17.1551300048828,30.4612518310547
32.7016540527344,23.0549560546875,20.3529907226563,16.3276306152344,9,47,0,0,12,2,17.1551300048828,30.4612518310547
32.7016540527344,23.0549560546875,20.3529907226563,16.3276306152344,9,47,0,0,12,2,17.1551300048828,30.4612518310547
32.7016540527344,23.0549560546875,20.3529907226563,16.3276306152344,9,47,0,0,12,2,17.1551300048828,30.4612518310547
32.08681640625,23.1606384277344,19.6972595214844,15.0075927734375,10,41,0,0,10,4,16.3462005615235,30.3337341308594
32.08681640625,23.1606384277344,19.6972595214844,15.0075927734375,10,41,0,0,10,4,16.3462005615235,30.3337341308594
31.4336791992188,22.8592163085938,19.7317138671875,15.4352661132813,9,30,0,0,10,4,16.4424072265625,29.7376647949219
31.4336791992188,22.8592163085938,19.7317138671875,15.4352661132813,9,30,0,0,10,4,16.4424072265625,29.7376647949219
32.08681640625,23.1606384277344,19.6972595214844,15.0075927734375,10,41,0,0,10,4,16.3462005615235,30.3337341308594
31.4336791992188,22.8592163085938,19.7317138671875,15.4352661132813,9,30,0,0,10,4,16.4424072265625,29.7376647949219
31.4336791992188,22.8592163085938,19.7317138671875,15.4352661132813,9,30,0,0,10,4,16.4424072265625,29.7376647949219
31.4336791992188,22.8592163085938,19.7317138671875,15.4352661132813,9,30,0,0,10,4,16.4424072265625,29.7376647949219
31.4336791992188,22.8592163085938,19.7317138671875,15.4352661132813,9,30,0,0,10,4,16.4424072265625,29.7376647949219
31.4336791992188,22.8592163085938,19.7317138671875,15.4352661132813,9,30,0,0,10,4,16.4424072265625,29.7376647949219
30.5114685058594,22.3752075195313,19.7051330566406,15.3093811035156,8,9,0,0,12,4,16.6493316650391,28.6223999023438
30.5114685058594,22.3752075195313,19.7051330566406,15.3093811035156,8,9,0,0,12,4,16.6493316650391,28.6223999023438
30.5114685058594,22.3752075195313,19.7051330566406,15.3093811035156,8,9,0,0,12,4,16.6493316650391,28.6223999023438
31.5288940429688,22.7766967773438,19.9515014648438,15.5972534179688,9,23,0,0,12,4,16.8135162353516,29.4789825439453
30.5114685058594,22.3752075195313,19.9162841796875,15.3093811035156,8,9,0,0,12,4,16.6493316650391,28.6223999023438
30.5114685058594,22.3752075195313,19.9162841796875,15.3093811035156,8,9,0,0,12,4,16.6493316650391,28.6223999023438
30.5114685058594,22.3752075195313,19.7051330566406,15.3093811035156,8,9,0,0,12,4,16.6493316650391,28.6223999023438
30.5114685058594,22.3752075195313,19.9162841796875,15.3093811035156,8,9,0,0,12,4,16.6493316650391,28.6519409179688
30.5114685058594,22.3752075195313,19.7051330566406,15.3093811035156,8,9,0,0,12,4,16.6493316650391,28.6223999023438
31.5288940429688,22.7766967773438,19.9515014648438,15.5972534179688,9,23,0,0,12,4,16.8135162353516,29.4789825439453
31.9840942382813,23.0617614746094,20.0896545410156,15.6108642578125,9,32,0,0,12,4,16.9211975097656,29.8800903320313
31.5288940429688,22.7766967773438,19.9515014648438,15.5972534179688,9,23,0,0,12,4,16.8135162353516,29.4789825439453
31.5288940429688,22.7766967773438,19.9515014648438,15.5972534179688,9,23,0,0,12,4,16.8135162353516,29.4789825439453
31.5288940429688,22.7766967773438,19.9515014648438,15.5972534179688,9,23,0,0,12,4,16.8135162353516,29.4789825439453
31.5288940429688,22.7766967773438,19.9515014648438,15.5972534179688,9,23,0,0,12,4,16.8135162353516,29.4789825439453
31.5288940429688,22.7766967773438,19.9515014648438,15.5972534179688,9,23,0,0,12,4,16.8135162353516,29.4789825439453
31.5288940429688,22.7766967773438,19.9515014648438,15.5972534179688,9,23,0,0,12,4,16.8135162353516,29.4789825439453
32.3248229980469,21.6415649414063,21.2442260742188,16.3918395996094,8,42,0,0,8,4,17.4806304931641,30.1150756835938
32.3248229980469,21.6415649414063,21.2442260742188,16.3918395996094,8,42,0,0,8,4,17.4806304931641,30.1150756835938
32.3248229980469,21.6415649414063,21.2442260742188,16.3918395996094,8,42,0,0,8,4,17.4806304931641,30.1150756835938
32.3248229980469,21.6415649414063,21.2442260742188,16.3918395996094,8,42,0,0,8,4,17.4806304931641,30.1150756835938
34.8166442871094,23.0937744140625,22.6273742675781,17.6724182128906,9,114,0,0,8,4,18.8021179199219,32.3877502441406
34.8166442871094,23.0937744140625,22.6273742675781,17.6724182128906,9,114,0,0,8,4,18.8021179199219,32.3877502441406
34.8166442871094,23.0937744140625,22.6273742675781,17.6724182128906,9,114,0,0,8,4,18.8021179199219,32.3877502441406
34.8166442871094,23.0937744140625,22.6273742675781,17.6724182128906,9,114,0,0,8,4,18.8021179199219,32.3877502441406
34.8166442871094,23.0937744140625,22.6273742675781,17.6724182128906,9,114,0,0,8,4,18.8021179199219,32.3877502441406
35.1653076171875,23.1880126953125,22.869775390625,17.5967346191406,9,115,0,0,8,5,18.6809326171875,32.3106323242188
35.1653076171875,23.1880126953125,22.869775390625,17.5967346191406,9,116,0,0,8,5,18.6809326171875,32.3106323242188
33.3125244140625,22.1938110351563,21.7426086425781,16.4529663085938,8,66,0,0,8,5,17.5078674316406,30.6721130371094
35.1653076171875,23.1880126953125,22.869775390625,17.5967346191406,9,115,0,0,8,5,18.6809326171875,32.3106323242188
35.1653076171875,23.1880126953125,22.869775390625,17.5967346191406,9,115,0,0,8,5,18.6809326171875,32.3106323242188
35.1653076171875,23.1880126953125,22.869775390625,17.5967346191406,9,116,0,0,8,5,18.6809326171875,32.3106323242188
35.1653076171875,23.1880126953125,22.869775390625,17.5967346191406,9,115,0,0,8,5,18.6809326171875,32.3106323242188
33.3125244140625,22.1938110351563,21.7426086425781,16.4529663085938,8,66,0,0,8,5,17.5078674316406,30.6721130371094
35.1653076171875,23.1880126953125,22.869775390625,17.5967346191406,9,115,0,0,8,5,18.6809326171875,32.3106323242188
35.1653076171875,23.1880126953125,22.869775390625,17.5967346191406,9,116,0,0,8,5,18.6809326171875,32.3106323242188
34.9047790527344,23.2881103515625,22.8831726074219,17.7513977050781,8,119,0,0,8,4,18.9200073242188,32.4846282958985
34.9047790527344,23.2881103515625,22.8831726074219,17.7513977050781,8,119,0,0,8,4,18.9200073242188,32.4846282958985
34.9047790527344,23.2881103515625,22.8831726074219,17.7513977050781,8,119,0,0,8,4,18.9200073242188,32.4846282958985
34.9047790527344,23.2881103515625,22.8831726074219,17.7513977050781,8,119,0,0,8,4,18.9200073242188,32.4846282958985
34.9047790527344,23.2881103515625,22.8831726074219,17.7513977050781,8,119,0,0,8,4,18.9200073242188,32.4846282958985
34.9047790527344,23.2881103515625,22.8831726074219,17.7513977050781,8,119,0,0,8,4,18.9200073242188,32.4846282958985
34.9047790527344,23.2881103515625,22.8831726074219,17.7513977050781,8,119,0,0,8,4,18.9200073242188,32.4846282958985
34.9047790527344,23.2881103515625,22.8831726074219,17.7513977050781,8,120,0,0,8,4,18.9200073242188,32.4846282958985
34.9047790527344,23.2881103515625,22.8831726074219,17.7513977050781,8,120,0,0,8,4,18.9200073242188,32.4846282958985
34.8166442871094,23.0937744140625,22.6273742675781,17.6724182128906,9,114,0,0,8,4,18.8021179199219,32.3877502441406
34.8166442871094,23.0937744140625,22.6273742675781,17.6724182128906,9,114,0,0,8,4,18.8021179199219,32.3877502441406
34.8166442871094,23.0937744140625,22.6273742675781,17.6724182128906,9,114,0,0,8,4,18.8021179199219,32.3877502441406
34.9047790527344,23.2881103515625,22.8831726074219,17.7513977050781,8,120,0,0,8,4,18.9200073242188,32.4846282958985
34.9047790527344,23.2881103515625,22.8831726074219,17.7513977050781,8,120,0,0,8,4,18.9200073242188,32.4846282958985
34.9047790527344,23.2881103515625,22.8831726074219,17.7513977050781,8,120,0,0,8,4,18.9200073242188,32.4846282958985
34.8166442871094,23.0937744140625,22.6273742675781,17.6724182128906,9,114,0,0,8,4,18.8021179199219,32.3877502441406
34.9047790527344,23.2881103515625,22.8831726074219,17.7513977050781,8,120,0,0,8,4,18.9200073242188,32.4846282958985
34.2734619140625,23.4070068359375,21.287744140625,16.5700317382813,10,92,0,0,12,6,17.5215545654297,31.5671173095703
34.2734619140625,23.4070068359375,21.287744140625,16.5700317382813,10,92,0,0,12,6,17.5215545654297,31.5671173095703
34.2734619140625,23.4070068359375,21.287744140625,16.5700317382813,10,92,0,0,12,6,17.5215545654297,31.5671173095703
34.2734619140625,23.4070068359375,21.287744140625,16.5700317382813,10,92,0,0,12,6,17.5215545654297,31.5671173095703
34.2734619140625,23.4070068359375,21.287744140625,16.5700317382813,10,92,0,0,12,6,17.5215545654297,31.5671173095703
34.0845275878906,22.8505493164063,21.4951721191406,16.7100463867188,9,78,0,0,12,7,17.7221008300781,31.2726837158203
34.0845275878906,22.8505493164063,21.4951721191406,16.7100463867188,9,78,0,0,12,7,17.7221008300781,31.2726837158203
34.0845275878906,22.8505493164063,21.4951721191406,16.7100463867188,9,78,0,0,12,7,17.7221008300781,31.2726837158203
34.0845275878906,22.8505493164063,21.4951721191406,16.7100463867188,9,78,0,0,12,7,17.7221008300781,31.2726837158203
34.0845275878906,22.8505493164063,21.4951721191406,16.7100463867188,9,78,0,0,12,7,17.7221008300781,31.2726837158203
34.0845275878906,22.8505493164063,21.4951721191406,16.7100463867188,9,78,0,0,12,7,17.7221008300781,31.2726837158203
34.0845275878906,22.8505493164063,21.4951721191406,16.7100463867188,9,78,0,0,12,7,17.7221008300781,31.2726837158203
34.0845275878906,22.8505493164063,21.4951721191406,16.7100463867188,9,78,0,0,12,7,17.7221008300781,31.2726837158203
34.6372619628906,22.8529907226563,21.7027221679688,17.2191711425781,9,92,0,0,12,5,18.0036712646485,31.7168670654297
34.6372619628906,22.8529907226563,21.7027221679688,17.2191711425781,9,92,0,0,12,5,18.0036712646485,31.7168670654297
34.6372619628906,22.8529907226563,21.7027221679688,17.2191711425781,9,92,0,0,12,5,18.0036712646485,31.7168670654297
34.6372619628906,22.8529907226563,21.7027221679688,17.2191711425781,9,92,0,0,12,5,18.0036712646485,31.7168670654297
34.6372619628906,22.8529907226563,21.7027221679688,17.2191711425781,9,92,0,0,12,5,18.0036712646485,31.7168670654297
34.4484497070313,22.8452087402344,21.3327880859375,16.7186218261719,10,86,0,0,12,4,17.6171051025391,31.5615478515625
34.6372619628906,22.8529907226563,21.7027221679688,17.2191711425781,9,92,0,0,12,5,18.0036712646485,31.7168670654297
34.6372619628906,22.8529907226563,21.7027221679688,17.2191711425781,9,92,0,0,12,5,18.0036712646485,31.7168670654297
34.4484497070313,22.8452087402344,21.3327880859375,16.7186218261719,10,86,0,0,12,4,17.6171051025391,31.5615478515625
34.0845275878906,22.8505493164063,21.4951721191406,16.7100463867188,9,78,0,0,12,7,17.7221008300781,31.2726837158203
34.0845275878906,22.8505493164063,21.4951721191406,16.7100463867188,9,78,0,0,12,7,17.7221008300781,31.2726837158203
34.0845275878906,22.8505493164063,21.4951721191406,16.7100463867188,9,78,0,0,12,7,17.7221008300781,31.2726837158203
34.0845275878906,22.8505493164063,21.4951721191406,16.7100463867188,9,78,0,0,12,7,17.7221008300781,31.2726837158203
34.4484497070313,22.8452087402344,21.3327880859375,16.7186218261719,10,86,0,0,12,4,17.6171051025391,31.5615478515625
34.0845275878906,22.8505493164063,21.4951721191406,16.7100463867188,9,78,0,0,12,7,17.7221008300781,31.2726837158203
34.0845275878906,22.8505493164063,21.4951721191406,16.7100463867188,9,78,0,0,12,7,17.7221008300781,31.2726837158203
34.0845275878906,22.8505493164063,21.4951721191406,16.7100463867188,9,78,0,0,12,7,17.7221008300781,31.2726837158203
33.9877563476563,23.2775512695313,21.9755493164063,18.4307800292969,7,49,0,0,11,4,18.9563537597656,30.5243621826172
33.9877563476563,23.2775512695313,21.9755493164063,18.4307800292969,7,49,0,0,11,4,18.9563537597656,30.5243621826172
33.9877563476563,23.2775512695313,21.9755493164063,18.4307800292969,7,49,0,0,11,4,18.9563537597656,30.5243621826172
33.9877563476563,23.2775512695313,21.9755493164063,18.4307800292969,7,49,0,0,11,4,18.9563537597656,30.5243621826172
33.9877563476563,23.2775512695313,21.9755493164063,18.4307800292969,7,49,0,0,11,4,18.9563537597656,30.5243621826172
33.9877563476563,23.2775512695313,21.9755493164063,18.4307800292969,7,49,0,0,11,4,18.9563537597656,30.5243621826172
33.9877563476563,23.2775512695313,21.9755493164063,18.4307800292969,7,49,0,0,11,4,18.9563537597656,30.5243621826172
33.9877563476563,23.2775512695313,21.9755493164063,18.4307800292969,7,49,0,0,11,4,18.9563537597656,30.5243621826172
33.9877563476563,23.2775512695313,21.9755493164063,18.4307800292969,7,49,0,0,11,4,18.9563537597656,30.5243621826172
33.9877563476563,23.2775512695313,21.9755493164063,18.4307800292969,7,49,0,0,11,4,18.9563537597656,30.5243621826172
35.6772094726563,23.5840698242188,20.5221801757813,17.0549865722656,10,91,0,0,12,4,17.5626617431641,31.7895599365235
35.6772094726563,23.5840698242188,20.5221801757813,17.0549865722656,10,91,0,0,12,4,17.5626617431641,31.7895599365235
35.6772094726563,23.5840698242188,20.5221801757813,17.0549865722656,10,91,0,0,12,4,17.5626617431641,31.7895599365235
35.6772094726563,23.5840698242188,20.5221801757813,17.0549865722656,10,91,0,0,12,4,17.5626617431641,31.7895599365235
35.6772094726563,23.5840698242188,20.5221801757813,17.0549865722656,10,91,0,0,12,4,17.5626617431641,31.7895599365235
35.6772094726563,23.5840698242188,20.5221801757813,17.0549865722656,10,91,0,0,12,4,17.5626617431641,31.7895599365235
35.6772094726563,23.5840698242188,20.5221801757813,17.0549865722656,10,91,0,0,12,4,17.5626617431641,31.7895599365235
35.6772094726563,23.5840698242188,20.5221801757813,17.0549865722656,10,91,0,0,12,4,17.5626617431641,31.7895599365235
35.6772094726563,23.5840698242188,20.5221801757813,17.0549865722656,10,91,0,0,12,4,17.5626617431641,31.7895599365235
34.4484497070313,22.8452087402344,21.3327880859375,16.7186218261719,10,86,0,0,12,4,17.6171051025391,31.5615478515625
34.4484497070313,22.8452087402344,21.3327880859375,16.7186218261719,10,86,0,0,12,4,17.6171051025391,31.5615478515625
34.4484497070313,22.8452087402344,21.3327880859375,16.7186218261719,10,86,0,0,12,4,17.6171051025391,31.5615478515625
34.4484497070313,22.8452087402344,21.3327880859375,16.7186218261719,10,86,0,0,12,4,17.6171051025391,31.5615478515625
34.4484497070313,22.8452087402344,21.3327880859375,16.7186218261719,10,86,0,0,12,4,17.6171051025391,31.5615478515625
34.4484497070313,22.8452087402344,21.3327880859375,16.7186218261719,10,86,0,0,12,4,17.6171051025391,31.5615478515625
34.4484497070313,22.8452087402344,21.3327880859375,16.7186218261719,10,86,0,0,12,4,17.6171051025391,31.5615478515625
34.4484497070313,22.8452087402344,21.3327880859375,16.7186218261719,10,86,0,0,12,4,17.6171051025391,31.5615478515625
34.6081787109375,22.933984375,21.7582641601563,17.352685546875,9,92,0,0,12,4,18.1656433105469,31.7127166748047
34.6081787109375,22.933984375,21.7582641601563,17.352685546875,9,92,0,0,12,4,18.1656433105469,31.7127166748047
34.6081787109375,22.933984375,21.7582641601563,17.352685546875,9,92,0,0,12,4,18.1656433105469,31.7127166748047
34.6081787109375,22.933984375,21.7582641601563,17.352685546875,9,92,0,0,12,4,18.1656433105469,31.7127166748047
34.6081787109375,22.933984375,21.7582641601563,17.352685546875,9,92,0,0,12,4,18.1656433105469,31.7127166748047
34.6081787109375,22.933984375,21.7582641601563,17.352685546875,9,92,0,0,12,4,18.1656433105469,31.7127166748047
34.6081787109375,22.933984375,21.7582641601563,17.352685546875,9,92,0,0,12,4,18.1656433105469,31.7127166748047
34.6081787109375,22.933984375,21.7582641601563,17.352685546875,9,92,0,0,12,4,18.1656433105469,31.7127166748047
34.6081787109375,22.933984375,21.7582641601563,17.352685546875,9,92,0,0,12,4,18.1656433105469,31.7127166748047
34.6081787109375,22.933984375,21.7582641601563,17.352685546875,9,92,0,0,12,4,18.1656433105469,31.7127166748047
34.6081787109375,22.933984375,21.7582641601563,17.352685546875,9,92,0,0,12,4,18.1656433105469,31.7127166748047
34.6081787109375,22.933984375,21.7582641601563,17.352685546875,9,92,0,0,12,4,18.1656433105469,31.7127166748047
33.6661010742188,22.7511840820313,20.8767333984375,17.1264282226563,8,50,0,0,6,4,18.1852966308594,30.5248046875
33.6661010742188,22.7511840820313,20.8767333984375,17.1264282226563,8,50,0,0,6,4,18.1852966308594,30.5248046875
33.6661010742188,22.7511840820313,20.8767333984375,17.1264282226563,8,50,0,0,6,4,18.1852966308594,30.5248046875
33.6661010742188,22.7511840820313,20.8767333984375,17.1264282226563,8,50,0,0,6,4,18.1852966308594,30.5248046875
33.6661010742188,22.7511840820313,20.8767333984375,17.1264282226563,8,50,0,0,6,4,18.1852966308594,30.5248046875
33.6661010742188,22.7511840820313,20.8767333984375,17.1264282226563,8,50,0,0,6,4,18.1852966308594,30.5248046875
33.6661010742188,22.7511840820313,20.8767333984375,17.1264282226563,8,50,0,0,6,4,18.1852966308594,30.5248046875
33.6661010742188,22.7511840820313,20.8767333984375,17.1264282226563,8,50,0,0,6,4,18.1852966308594,30.5248046875
33.6661010742188,22.7511840820313,20.8767333984375,17.1264282226563,8,50,0,0,6,4,18.1852966308594,30.5248046875
32.8094116210938,22.0192810058594,22.3876892089844,18.6728149414063,6,27,0,0,6,4,19.5739379882813,29.7047821044922
32.8094116210938,22.0192810058594,22.3876892089844,18.6728149414063,6,27,0,0,6,4,19.5739379882813,29.7047821044922
32.8094116210938,22.0192810058594,22.3876892089844,18.6728149414063,6,27,0,0,6,4,19.5739379882813,29.7047821044922
32.8094116210938,22.0192810058594,22.3876892089844,18.6728149414063,6,27,0,0,6,4,19.5739379882813,29.7047821044922
32.8094116210938,22.0192810058594,22.3876892089844,18.6728149414063,6,27,0,0,6,4,19.5739379882813,29.7047821044922
32.8094116210938,22.0192810058594,22.3876892089844,18.6728149414063,6,27,0,0,6,4,19.5739379882813,29.7047821044922
32.8094116210938,22.0192810058594,22.3876892089844,18.6728149414063,6,27,0,0,6,4,19.5739379882813,29.7047821044922
34.1906677246094,22.6635070800781,21.2748657226563,17.1918273925781,9,57,0,0,6,4,18.1139465332031,30.8314758300781
35.049951171875,23.0448547363281,21.4878784179688,17.428125,9,93,0,0,6,4,18.2939849853516,31.4787994384766
35.049951171875,23.0448547363281,21.4878784179688,17.428125,9,93,0,0,6,4,18.2939849853516,31.4787994384766
35.049951171875,23.0448547363281,21.4878784179688,17.428125,9,93,0,0,6,4,18.2939849853516,31.4787994384766
34.1906677246094,22.6635070800781,21.2748657226563,17.1918273925781,9,57,0,0,6,4,18.1139465332031,30.8314758300781
35.049951171875,23.0448547363281,21.4878784179688,17.428125,9,93,0,0,6,4,18.2939849853516,31.4787994384766
35.049951171875,23.0448547363281,21.4878784179688,17.428125,9,93,0,0,6,4,18.2939849853516,31.4787994384766
34.1906677246094,22.6635070800781,21.2748657226563,17.1918273925781,9,57,0,0,6,4,18.1139465332031,30.8314758300781
34.1906677246094,22.6635070800781,21.2748657226563,17.1918273925781,9,57,0,0,6,4,18.1139465332031,30.8314758300781
35.049951171875,23.0448547363281,21.4878784179688,17.428125,9,93,0,0,6,4,18.2939849853516,31.4787994384766
35.049951171875,23.0448547363281,21.4878784179688,17.428125,9,93,0,0,6,4,18.2939849853516,31.4787994384766
35.049951171875,23.0448547363281,21.4878784179688,17.428125,9,93,0,0,6,4,18.2939849853516,31.4787994384766
35.049951171875,23.0448547363281,21.4878784179688,17.428125,9,93,0,0,6,4,18.2939849853516,31.4787994384766
35.049951171875,23.0448547363281,21.4878784179688,17.428125,9,93,0,0,6,4,18.2939849853516,31.4787994384766
35.049951171875,23.0448547363281,21.4878784179688,17.428125,9,93,0,0,6,4,18.2939849853516,31.4787994384766
35.049951171875,23.0448547363281,21.4878784179688,17.428125,9,93,0,0,6,4,18.2939849853516,31.4787994384766
35.049951171875,23.0448547363281,21.4878784179688,17.428125,9,93,0,0,6,4,18.2939849853516,31.4787994384766
35.049951171875,23.0448547363281,21.4878784179688,17.428125,9,93,0,0,6,4,18.2939849853516,31.4787994384766
35.049951171875,23.0448547363281,21.4878784179688,17.428125,9,93,0,0,6,4,18.2939849853516,31.4787994384766
34.8610778808594,23.7559448242188,22.4137817382813,18.7424255371094,8,118,0,0,10,5,19.8391052246094,32.04384765625
36.542138671875,24.0661560058594,21.5043579101563,17.22841796875,10,152,0,0,10,6,18.3829284667969,33.3415771484375
36.542138671875,24.0661560058594,21.5043579101563,17.22841796875,10,152,0,0,10,6,18.3829284667969,33.3415771484375
34.8610778808594,23.7559448242188,22.4137817382813,18.7424255371094,8,118,0,0,10,5,19.8391052246094,32.04384765625
34.8610778808594,23.7559448242188,22.4137817382813,18.7424255371094,8,118,0,0,10,5,19.8391052246094,32.04384765625
36.542138671875,24.0661560058594,21.5043579101563,17.22841796875,10,152,0,0,10,6,18.3829284667969,33.3415771484375
36.542138671875,24.0661560058594,21.5043579101563,17.22841796875,10,152,0,0,10,6,18.3829284667969,33.3415771484375
36.542138671875,24.0661560058594,21.5043579101563,17.22841796875,10,152,0,0,10,6,18.3829284667969,33.3415771484375
36.542138671875,24.0661560058594,21.5043579101563,17.22841796875,10,152,0,0,10,6,18.3829284667969,33.3415771484375
36.542138671875,24.0661560058594,21.5043579101563,17.22841796875,10,152,0,0,10,6,18.3829284667969,33.3415771484375
36.542138671875,24.0661560058594,21.5043579101563,17.22841796875,10,152,0,0,10,6,18.3829284667969,33.3415771484375
36.542138671875,24.0661560058594,21.5043579101563,17.22841796875,10,152,0,0,10,6,18.3829284667969,33.3415771484375
36.542138671875,24.0661560058594,21.5043579101563,17.22841796875,10,152,0,0,10,6,18.3829284667969,33.3415771484375
34.0093322753906,23.3425231933594,22.41103515625,18.616357421875,7,85,0,0,10,6,19.6686645507813,31.2710968017578
34.0093322753906,23.3425231933594,22.41103515625,18.616357421875,7,85,0,0,10,6,19.6686645507813,31.2710968017578
34.0093322753906,23.3425231933594,22.41103515625,18.616357421875,7,85,0,0,10,6,19.6686645507813,31.2710968017578
34.9109741210938,23.9602294921875,20.9466491699219,17.3058410644531,9,120,0,0,10,6,18.2810455322266,32.1203552246094
34.9109741210938,23.9602294921875,20.9466491699219,17.3058410644531,9,120,0,0,10,6,18.2810455322266,32.1203552246094
34.9109741210938,23.9602294921875,20.9466491699219,17.3058410644531,9,120,0,0,10,6,18.2810455322266,32.1203552246094
34.9109741210938,23.9602294921875,20.9466491699219,17.3058410644531,9,120,0,0,10,6,18.2810455322266,32.1203552246094
34.9109741210938,23.9602294921875,20.9466491699219,17.3058410644531,9,120,0,0,10,6,18.2810455322266,32.1203552246094
34.9109741210938,23.9602294921875,20.9466491699219,17.3058410644531,9,120,0,0,10,6,18.2810455322266,32.1203552246094
34.9109741210938,23.9602294921875,20.9466491699219,17.3058410644531,9,120,0,0,10,6,18.2810455322266,32.1203552246094
33.1168762207031,23.2601867675781,19.4856201171875,16.5452209472656,10,63,0,0,13,4,17.413232421875,30.6537414550781
33.1168762207031,23.2601867675781,19.4856201171875,16.5452209472656,10,63,0,0,13,4,17.413232421875,30.6537414550781
33.1168762207031,23.2601867675781,19.4856201171875,16.5452209472656,10,63,0,0,13,4,17.413232421875,30.6537414550781
33.1168762207031,23.2601867675781,19.4856201171875,16.5452209472656,10,63,0,0,13,4,17.413232421875,30.6537414550781
33.1168762207031,23.2601867675781,19.4856201171875,16.5452209472656,10,63,0,0,13,4,17.413232421875,30.6537414550781
33.1168762207031,23.2601867675781,19.4856201171875,16.5452209472656,10,63,0,0,13,4,17.413232421875,30.6537414550781
33.1168762207031,23.2601867675781,19.4856201171875,16.5452209472656,10,63,0,0,13,4,17.413232421875,30.6537414550781
33.1168762207031,23.2601867675781,19.4856201171875,16.5452209472656,10,63,0,0,13,4,17.413232421875,30.6537414550781
33.1168762207031,23.2601867675781,19.4856201171875,16.5452209472656,10,63,0,0,13,4,17.413232421875,30.6537414550781
33.1168762207031,23.2601867675781,19.4856201171875,16.5452209472656,10,63,0,0,13,4,17.413232421875,30.6537414550781
33.1168762207031,23.2601867675781,19.4856201171875,16.5452209472656,10,63,0,0,13,4,17.413232421875,30.6537414550781
33.1168762207031,23.2601867675781,19.4856201171875,16.5452209472656,10,63,0,0,13,4,17.413232421875,30.6537414550781
33.2128540039063,22.9193969726563,19.4430480957031,15.5157104492188,10,50,0,0,11,3,17.1330352783203,30.2946868896485
33.1168762207031,23.2601867675781,19.4856201171875,16.5452209472656,10,63,0,0,13,4,17.413232421875,30.6537414550781
33.1168762207031,23.2601867675781,19.4856201171875,16.5452209472656,10,63,0,0,13,4,17.413232421875,30.6537414550781
33.1168762207031,23.2601867675781,19.4856201171875,16.5452209472656,10,63,0,0,13,4,17.413232421875,30.6537414550781
33.1168762207031,23.2601867675781,19.4856201171875,16.5452209472656,10,63,0,0,13,4,17.413232421875,30.6537414550781
33.1168762207031,23.2601867675781,19.4856201171875,16.5452209472656,10,63,0,0,13,4,17.413232421875,30.6537414550781
33.1168762207031,23.2601867675781,19.4856201171875,16.5452209472656,10,63,0,0,13,4,17.413232421875,30.6537414550781
33.1168762207031,23.2601867675781,19.4856201171875,16.5452209472656,10,63,0,0,13,4,17.413232421875,30.6537414550781
33.1168762207031,23.2601867675781,19.4856201171875,16.5452209472656,10,63,0,0,13,4,17.413232421875,30.6537414550781
33.1168762207031,23.2601867675781,19.4856201171875,16.5452209472656,10,63,0,0,13,4,17.413232421875,30.6537414550781
33.1168762207031,23.2601867675781,19.4856201171875,16.5452209472656,10,63,0,0,13,4,17.413232421875,30.6537414550781
33.1168762207031,23.2601867675781,19.4856201171875,16.5452209472656,10,63,0,0,13,4,17.413232421875,30.6537414550781
33.1168762207031,23.2601867675781,19.4856201171875,16.5452209472656,10,63,0,0,13,4,17.413232421875,30.6537414550781
33.1168762207031,23.2601867675781,19.4856201171875,16.5452209472656,10,63,0,0,13,4,17.413232421875,30.6537414550781
33.1168762207031,23.2601867675781,19.4856201171875,16.5452209472656,10,63,0,0,13,4,17.413232421875,30.6537414550781
33.1168762207031,23.2601867675781,19.4856201171875,16.5452209472656,10,63,0,0,13,4,17.413232421875,30.6537414550781
33.1168762207031,23.2601867675781,19.4856201171875,16.5452209472656,10,63,0,0,13,4,17.413232421875,30.6537414550781
33.1168762207031,23.2601867675781,19.4856201171875,16.5452209472656,10,63,0,0,13,4,17.413232421875,30.6537414550781
33.1168762207031,23.2601867675781,19.4856201171875,16.5452209472656,10,63,0,0,13,4,17.413232421875,30.6537414550781
33.1168762207031,23.2601867675781,19.4856201171875,16.5452209472656,10,63,0,0,13,4,17.413232421875,30.6537414550781
33.1168762207031,23.2601867675781,19.4856201171875,16.5452209472656,10,63,0,0,13,4,17.413232421875,30.6537414550781
33.1168762207031,23.2601867675781,19.4856201171875,16.5452209472656,10,63,0,0,13,4,17.413232421875,30.6537414550781
28.7271667480469,22.1143127441406,21.8257690429688,18.2844482421875,4,0,0,0,7,4,19.746484375,26.6183868408203
28.7271667480469,22.1143127441406,21.8257690429688,18.2844482421875,4,0,0,0,7,4,19.746484375,26.6183868408203
28.7271667480469,22.1143127441406,21.8257690429688,18.2844482421875,4,0,0,0,7,4,19.746484375,26.6183868408203
28.7271667480469,22.1143127441406,21.8257690429688,18.2844482421875,4,0,0,0,7,4,19.746484375,26.6183868408203
28.7271667480469,22.1143127441406,21.8257690429688,18.2844482421875,4,0,0,0,7,4,19.746484375,26.6183868408203
28.7271667480469,22.1143127441406,21.8257690429688,18.2844482421875,4,0,0,0,7,4,19.746484375,26.6183868408203
29.3780151367188,21.9692321777344,20.6950012207031,17.3536315917969,6,0,0,0,11,3,18.8162322998047,27.012582397461
28.7271667480469,22.1143127441406,21.8257690429688,18.2844482421875,4,0,0,0,7,4,19.746484375,26.6183868408203
28.7271667480469,22.1143127441406,21.8257690429688,18.2844482421875,4,0,0,0,7,4,19.746484375,26.6183868408203
28.7271667480469,22.1143127441406,21.8257690429688,18.2844482421875,4,0,0,0,7,4,19.746484375,26.6183868408203
28.7271667480469,22.1143127441406,21.8257690429688,18.2844482421875,4,0,0,0,7,4,19.746484375,26.6183868408203
30.9026123046875,22.0555053710938,19.7960144042969,15.9024597167969,8,5,0,0,7,4,17.6412902832031,28.0866638183594
30.9026123046875,22.0555053710938,19.7960144042969,15.9024597167969,8,5,0,0,7,4,17.6412902832031,28.0866638183594
30.9026123046875,22.0555053710938,19.7960144042969,15.9024597167969,8,5,0,0,7,4,17.6412902832031,28.0866638183594
30.9026123046875,22.0555053710938,19.7960144042969,15.9024597167969,8,5,0,0,7,4,17.6412902832031,28.0866638183594
30.9026123046875,22.0555053710938,19.7960144042969,15.9024597167969,8,5,0,0,7,4,17.6412902832031,28.0866638183594
30.9026123046875,22.0555053710938,19.7960144042969,15.9024597167969,8,5,0,0,7,4,17.6412902832031,28.0866638183594
30.9026123046875,22.0555053710938,19.7960144042969,15.9024597167969,8,5,0,0,7,4,17.6412902832031,28.0866638183594
30.9026123046875,22.0555053710938,19.7960144042969,15.9024597167969,8,5,0,0,7,4,17.6412902832031,28.0866638183594
30.9026123046875,22.0555053710938,19.7960144042969,15.9024597167969,8,5,0,0,7,4,17.6412902832031,28.0866638183594
33.6172424316406,21.6157165527344,20.055078125,15.2758728027344,9,43,0,0,11,3,17.1453338623047,30.124887084961
33.6172424316406,21.6157165527344,20.055078125,15.2758728027344,9,43,0,0,11,3,17.1453338623047,30.124887084961
33.6172424316406,21.6157165527344,20.055078125,15.2758728027344,9,43,0,0,11,3,17.1453338623047,30.124887084961
33.6172424316406,21.6157165527344,20.055078125,15.2758728027344,9,43,0,0,11,3,17.1453338623047,30.124887084961
33.6172424316406,21.6157165527344,20.055078125,15.2758728027344,9,43,0,0,11,3,17.1453338623047,30.124887084961
33.6172424316406,21.6157165527344,20.055078125,15.2758728027344,9,43,0,0,11,3,17.1453338623047,30.124887084961
33.9389282226563,21.7745300292969,19.9489990234375,15.1982055664063,10,57,0,0,11,3,17.0502716064453,30.4416900634766
33.9389282226563,21.7745300292969,19.9489990234375,15.1982055664063,10,57,0,0,11,3,17.0502716064453,30.4416900634766
33.9389282226563,21.7745300292969,19.9489990234375,15.1982055664063,10,57,0,0,11,3,17.0502716064453,30.4416900634766
33.9389282226563,21.7745300292969,19.9489990234375,15.1982055664063,10,57,0,0,11,3,17.0502716064453,30.4416900634766
33.9389282226563,21.7745300292969,19.9489990234375,15.1982055664063,10,57,0,0,11,3,17.0502716064453,30.4416900634766
33.9389282226563,21.7745300292969,19.9489990234375,15.1982055664063,10,57,0,0,11,3,17.0502716064453,30.4416900634766
33.9389282226563,21.7745300292969,19.9489990234375,15.1982055664063,10,57,0,0,11,3,17.0502716064453,30.4416900634766
35.3837219238281,23.7437683105469,20.7356201171875,16.4919372558594,11,158,0,0,10,3,17.5483947753906,32.980599975586
35.3837219238281,23.7437683105469,20.7356201171875,16.4919372558594,11,158,0,0,10,3,17.5483947753906,32.980599975586
35.3837219238281,23.7437683105469,20.7356201171875,16.4919372558594,11,158,0,0,10,3,17.5483947753906,32.980599975586
35.3837219238281,23.7437683105469,20.7356201171875,16.4919372558594,11,158,0,0,10,3,17.5483947753906,32.980599975586
35.3837219238281,23.7437683105469,20.7356201171875,16.4919372558594,11,158,0,0,10,3,17.5483947753906,32.980599975586
35.3837219238281,23.7437683105469,20.7356201171875,16.4919372558594,11,158,0,0,10,3,17.5483947753906,32.980599975586
35.3837219238281,23.7437683105469,20.7356201171875,16.4919372558594,11,158,0,0,10,3,17.5483947753906,32.980599975586
35.2459350585938,23.1791320800781,20.9819885253906,16.8842102050781,10,146,0,0,10,3,17.8209167480469,32.7516876220703
35.2459350585938,23.1791320800781,20.9819885253906,16.8842102050781,10,146,0,0,10,3,17.8209167480469,32.7516876220703
35.2459350585938,23.1791320800781,20.9819885253906,16.8842102050781,10,146,0,0,10,3,17.8209167480469,32.7516876220703
35.2459350585938,23.1791320800781,20.9819885253906,16.8842102050781,10,146,0,0,10,3,17.8209167480469,32.7516876220703
35.2459350585938,23.1791320800781,20.9819885253906,16.8842102050781,10,146,0,0,10,3,17.8209167480469,32.7516876220703
35.2459350585938,23.1791320800781,20.9819885253906,16.8842102050781,10,146,0,0,10,3,17.8209167480469,32.7516876220703
35.2459350585938,23.1791320800781,20.9819885253906,16.8842102050781,10,146,0,0,10,3,17.8209167480469,32.7516876220703
35.2459350585938,23.1791320800781,20.9819885253906,16.8842102050781,10,146,0,0,10,3,17.8209167480469,32.7516876220703
35.2459350585938,23.1791320800781,20.9819885253906,16.8842102050781,10,146,0,0,10,3,17.8209167480469,32.7516876220703
35.8151489257813,23.2958923339844,21.27138671875,16.7890258789063,10,154,0,0,10,6,17.9159942626953,33.2060333251953
35.8151489257813,23.2958923339844,21.27138671875,16.7890258789063,10,154,0,0,10,6,17.9159942626953,33.2060333251953
35.8151489257813,23.2958923339844,21.27138671875,16.7890258789063,10,154,0,0,10,6,17.9159942626953,33.2060333251953
35.8151489257813,23.2958923339844,21.27138671875,16.7890258789063,10,154,0,0,10,6,17.9159942626953,33.2060333251953
35.8151489257813,23.2958923339844,21.27138671875,16.7890258789063,10,154,0,0,10,6,17.9159942626953,33.2060333251953
35.8151489257813,23.2958923339844,21.27138671875,16.7890258789063,10,154,0,0,10,6,17.9159942626953,33.2060333251953
35.8151489257813,23.2958923339844,21.27138671875,16.7890258789063,10,154,0,0,10,6,17.9159942626953,33.2060333251953
35.8151489257813,23.2958923339844,21.27138671875,16.7890258789063,10,154,0,0,10,6,17.9159942626953,33.2060333251953
35.8151489257813,23.2958923339844,21.27138671875,16.7890258789063,10,154,0,0,10,6,17.9159942626953,33.2060333251953
35.8151489257813,23.2958923339844,21.27138671875,16.7890258789063,10,154,0,0,10,6,17.9159942626953,33.2060333251953
35.8151489257813,23.2958923339844,21.27138671875,16.7890258789063,10,154,0,0,10,6,17.9159942626953,33.2060333251953
35.8151489257813,23.2958923339844,21.27138671875,16.7890258789063,10,154,0,0,10,6,17.9159942626953,33.2060333251953
35.8151489257813,23.2958923339844,21.27138671875,16.7890258789063,10,154,0,0,10,6,17.9159942626953,33.2060333251953
35.8151489257813,23.2958923339844,21.27138671875,16.7890258789063,10,154,0,0,10,6,17.9159942626953,33.2060333251953
29.2531982421875,21.1044860839844,19.5914855957031,15.8347717285156,7,0,0,0,7,6,16.6444946289063,27.3442626953125
29.2531982421875,21.1044860839844,19.5914855957031,15.8347717285156,7,0,0,0,7,6,16.6444946289063,27.3442626953125
29.2531982421875,21.1044860839844,19.5914855957031,15.8347717285156,7,0,0,0,7,6,16.6444946289063,27.3442626953125
29.2531982421875,21.1044860839844,19.5914855957031,15.8347717285156,7,0,0,0,7,6,16.6444946289063,27.3442626953125
29.2531982421875,21.1044860839844,19.5914855957031,15.8347717285156,7,0,0,0,7,6,16.6444946289063,27.3442626953125
29.2531982421875,21.1044860839844,19.5914855957031,15.8347717285156,7,0,0,0,7,6,16.6444946289063,27.3442626953125
29.2531982421875,21.1044860839844,19.5914855957031,15.8347717285156,7,0,0,0,7,6,16.6444946289063,27.3442626953125
29.2531982421875,21.1044860839844,19.5914855957031,15.8347717285156,7,0,0,0,7,6,16.6444946289063,27.3442626953125
29.2531982421875,21.1044860839844,19.5914855957031,15.8347717285156,7,0,0,0,7,6,16.6444946289063,27.3442626953125
29.2531982421875,21.1044860839844,19.5914855957031,15.8347717285156,7,0,0,0,7,6,16.6444946289063,27.3442626953125
28.5447021484375,21.18984375,20.7267395019531,16.7884765625,6,0,0,0,7,5,17.6976104736328,26.817025756836
28.5447021484375,21.18984375,20.7267395019531,16.7884765625,6,0,0,0,7,5,17.6976104736328,26.817025756836
28.5447021484375,21.18984375,20.7267395019531,16.7884765625,6,0,0,0,7,5,17.6976104736328,26.817025756836
28.5447021484375,21.18984375,20.7267395019531,16.7884765625,6,0,0,0,7,5,17.6976104736328,26.817025756836
28.5447021484375,21.18984375,20.7267395019531,16.7884765625,6,0,0,0,7,5,17.6976104736328,26.817025756836
28.5447021484375,21.18984375,20.7267395019531,16.7884765625,6,0,0,0,7,5,17.6976104736328,26.817025756836
28.5447021484375,21.18984375,20.7267395019531,16.7884765625,6,0,0,0,7,5,17.6976104736328,26.817025756836
28.5447021484375,21.18984375,20.7267395019531,16.7884765625,6,0,0,0,7,5,17.6976104736328,26.817025756836
28.5447021484375,21.18984375,20.7267395019531,16.7884765625,6,0,0,0,7,5,17.6976104736328,26.817025756836
28.5447021484375,21.18984375,20.7267395019531,16.7884765625,6,0,0,0,7,5,17.6976104736328,26.817025756836
28.5447021484375,21.18984375,20.7267395019531,16.7884765625,6,0,0,0,7,5,17.6976104736328,26.817025756836
29.5777526855469,20.9431396484375,20.2146545410156,17.6151062011719,6,0,0,0,7,9,18.0804229736328,27.3872467041016
29.5777526855469,20.9431396484375,20.2146545410156,17.6151062011719,6,0,0,0,7,9,18.0804229736328,27.3872467041016
29.5777526855469,20.9431396484375,20.2146545410156,17.6151062011719,6,0,0,0,7,9,18.0804229736328,27.3872467041016
29.5777526855469,20.9431396484375,20.2146545410156,17.6151062011719,6,0,0,0,7,9,18.0804229736328,27.3872467041016
29.5777526855469,20.9431396484375,20.2146545410156,17.6151062011719,6,0,0,0,7,9,18.0804229736328,27.3872467041016
29.5777526855469,20.9431396484375,20.2146545410156,17.6151062011719,6,0,0,0,7,9,18.0804229736328,27.3872467041016
29.5777526855469,20.9431396484375,20.2146545410156,17.6151062011719,6,0,0,0,7,9,18.0804229736328,27.3872467041016
29.5777526855469,20.9431396484375,20.2146545410156,17.6151062011719,6,0,0,0,7,9,18.0804229736328,27.3872467041016
29.5777526855469,20.9431396484375,20.2146545410156,17.6151062011719,6,0,0,0,7,9,18.0804229736328,27.3872467041016
29.5777526855469,20.9431396484375,20.2146545410156,17.6151062011719,6,0,0,0,7,9,18.0804229736328,27.3872467041016
29.5777526855469,20.9431396484375,20.2146545410156,17.6151062011719,6,0,0,0,7,9,18.0804229736328,27.3872467041016
29.5777526855469,20.9431396484375,20.2146545410156,17.6151062011719,6,0,0,0,7,9,18.0804229736328,27.3872467041016
29.5777526855469,20.9431396484375,20.2146545410156,17.6151062011719,6,0,0,0,7,9,18.0804229736328,27.3872467041016
29.5777526855469,20.9431396484375,20.2146545410156,17.6151062011719,6,0,0,0,7,9,18.0804229736328,27.3872467041016
29.5777526855469,20.9431396484375,20.2146545410156,17.6151062011719,6,0,0,0,7,9,18.0804229736328,27.3872467041016
29.5777526855469,20.9431396484375,20.2146545410156,17.6151062011719,6,0,0,0,7,9,18.0804229736328,27.3872467041016
29.5777526855469,20.9431396484375,20.2146545410156,17.6151062011719,6,0,0,0,7,9,18.0804229736328,27.3872467041016
29.5777526855469,20.9431396484375,20.2146545410156,17.6151062011719,6,0,0,0,7,9,18.0804229736328,27.3872467041016
32.0841918945313,20.7621398925781,19.2655578613281,14.6875549316406,9,29,0,0,10,7,16.114144897461,29.5800262451172
32.0841918945313,20.7621398925781,19.2655578613281,14.6875549316406,9,29,0,0,10,7,16.1055389404297,29.5800262451172
32.0841918945313,20.7621398925781,19.2655578613281,14.6875549316406,9,29,0,0,10,7,16.114144897461,29.5800262451172
32.0841918945313,20.7621398925781,19.2655578613281,14.6875549316406,9,29,0,0,10,7,16.1055389404297,29.5800262451172
32.0841918945313,20.7621398925781,19.2655578613281,14.6875549316406,9,29,0,0,10,7,16.1055389404297,29.5800262451172
32.0841918945313,20.7621398925781,19.2655578613281,14.6875549316406,9,29,0,0,10,7,16.114144897461,29.5800262451172
32.0841918945313,20.7621398925781,19.2655578613281,14.6875549316406,9,29,0,0,10,7,16.114144897461,29.5800262451172
32.0841918945313,20.7621398925781,19.2655578613281,14.6875549316406,9,29,0,0,10,7,16.1055389404297,29.5800262451172
32.0841918945313,20.7621398925781,19.2655578613281,14.6875549316406,9,29,0,0,10,7,16.114144897461,29.5800262451172
32.0841918945313,20.7621398925781,19.2655578613281,14.6875549316406,9,29,0,0,10,7,16.114144897461,29.5800262451172
32.0841918945313,20.7621398925781,19.2655578613281,14.6875549316406,9,29,0,0,10,7,16.114144897461,29.5800262451172
32.0841918945313,20.7621398925781,19.2655578613281,14.6875549316406,9,29,0,0,10,7,16.1055389404297,29.5800262451172
32.0841918945313,20.7621398925781,19.2655578613281,14.6875549316406,9,29,0,0,10,7,16.114144897461,29.5800262451172
32.0841918945313,20.7621398925781,19.2655578613281,14.6875549316406,9,29,0,0,10,7,16.114144897461,29.5800262451172
32.0841918945313,20.7621398925781,19.2655578613281,14.6875549316406,9,29,0,0,10,7,16.114144897461,29.5800262451172
32.0841918945313,20.7621398925781,19.2655578613281,14.6875549316406,9,29,0,0,10,7,16.114144897461,29.5800262451172
32.0841918945313,20.7621398925781,19.2655578613281,14.6875549316406,9,29,0,0,10,7,16.114144897461,29.5800262451172
32.0841918945313,20.7621398925781,19.2655578613281,14.6875549316406,9,29,0,0,10,7,16.114144897461,29.5800262451172
32.0841918945313,20.7621398925781,19.2655578613281,14.6875549316406,9,29,0,0,10,7,16.1055389404297,29.5800262451172
33.1429382324219,21.1916137695313,19.9818969726563,15.3763671875,10,72,0,0,10,4,16.7296081542969,30.9285675048828
33.1429382324219,21.1916137695313,19.9818969726563,15.3763671875,10,72,0,0,10,4,16.7296081542969,30.9285675048828
33.1429382324219,21.1916137695313,19.9818969726563,15.3763671875,10,72,0,0,10,4,16.7296081542969,30.9285675048828
33.1429382324219,21.1916137695313,19.9818969726563,15.3763671875,10,72,0,0,10,4,16.7296081542969,30.9285675048828
33.1429382324219,21.1916137695313,19.9818969726563,15.3763671875,10,72,0,0,10,4,16.7296081542969,30.9285675048828
33.1429382324219,21.1916137695313,19.9818969726563,15.3763671875,10,72,0,0,10,4,16.7296081542969,30.9285675048828
33.1429382324219,21.1916137695313,19.9818969726563,15.3763671875,10,72,0,0,10,4,16.7296081542969,30.9285675048828
33.1429382324219,21.1916137695313,19.9818969726563,15.3763671875,10,72,0,0,10,4,16.7296081542969,30.9285675048828
33.1429382324219,21.1916137695313,19.9818969726563,15.3763671875,10,72,0,0,10,4,16.7296081542969,30.9285675048828
33.5940795898438,22.4625183105469,19.8780151367188,15.5798583984375,10,91,0,0,10,4,16.8412567138672,31.2418914794922
33.5940795898438,22.4625183105469,19.8780151367188,15.5798583984375,10,91,0,0,10,4,16.8412567138672,31.2418914794922
32.7494445800781,21.3105712890625,19.5862060546875,15.2712646484375,10,58,0,0,10,4,16.5173431396485,30.6312042236328
32.7494445800781,21.3105712890625,19.5862060546875,15.2712646484375,10,58,0,0,10,4,16.5173431396485,30.6312042236328
33.5940795898438,22.4625183105469,19.8780151367188,15.5798583984375,10,91,0,0,10,4,16.8412567138672,31.2418914794922
32.7494445800781,21.3105712890625,19.5862060546875,15.2712646484375,10,58,0,0,10,4,16.5173431396485,30.6312042236328
32.7494445800781,21.3105712890625,19.5862060546875,15.2712646484375,10,58,0,0,10,4,16.5173431396485,30.6312042236328
32.7494445800781,21.3105712890625,19.5862060546875,15.2712646484375,10,58,0,0,10,4,16.5173431396485,30.6312042236328
32.7494445800781,21.3105712890625,19.5862060546875,15.2712646484375,10,58,0,0,10,4,16.5173431396485,30.6312042236328
32.8660522460938,21.8719421386719,19.9499755859375,14.8634887695313,9,35,0,0,7,4,16.5596099853516,29.9724365234375
32.8660522460938,21.8719421386719,19.9499755859375,14.8634887695313,9,35,0,0,7,4,16.5596099853516,29.9724365234375
32.8660522460938,21.8719421386719,19.9499755859375,14.8634887695313,9,35,0,0,7,4,16.5596099853516,29.9724365234375
32.8660522460938,21.8719421386719,19.9499755859375,14.8634887695313,9,35,0,0,7,4,16.5596099853516,29.9724365234375
32.8660522460938,21.8719421386719,19.9499755859375,14.8634887695313,9,35,0,0,7,4,16.5596099853516,29.9724365234375
32.8660522460938,21.8719421386719,19.9499755859375,14.8634887695313,9,35,0,0,7,4,16.5596099853516,29.9724365234375
32.8660522460938,21.8719421386719,19.9499755859375,14.8634887695313,9,35,0,0,7,4,16.5596099853516,29.9724365234375
33.3251281738281,22.0794006347656,20.0890441894531,14.86123046875,10,51,0,0,7,4,16.6596618652344,30.3908935546875
32.8660522460938,21.8719421386719,19.9499755859375,14.8634887695313,9,35,0,0,7,4,16.5596099853516,29.9724365234375
32.8660522460938,21.8719421386719,19.9499755859375,14.8634887695313,9,35,0,0,7,4,16.5596099853516,29.9724365234375
32.8660522460938,21.8719421386719,19.9499755859375,14.8634887695313,9,35,0,0,7,4,16.5596099853516,29.9724365234375
32.8660522460938,21.8719421386719,19.9499755859375,14.8634887695313,9,35,0,0,7,4,16.5596099853516,29.9724365234375
32.8660522460938,21.8719421386719,19.9499755859375,14.8634887695313,9,35,0,0,7,4,16.5596099853516,29.9724365234375
32.8660522460938,21.8719421386719,19.9499755859375,14.8634887695313,9,35,0,0,7,4,16.5596099853516,29.9724365234375
32.8660522460938,21.8719421386719,19.9499755859375,14.8634887695313,9,35,0,0,7,4,16.5596099853516,29.9724365234375
32.8660522460938,21.8719421386719,19.9499755859375,14.8634887695313,9,35,0,0,7,4,16.5596099853516,29.9724365234375
32.8660522460938,21.8719421386719,19.9499755859375,14.8634887695313,9,35,0,0,7,4,16.5596099853516,29.9724365234375
32.8660522460938,21.8719421386719,19.9499755859375,14.8634887695313,9,35,0,0,7,4,16.5596099853516,29.9724365234375
32.8660522460938,21.8719421386719,19.9499755859375,14.8634887695313,9,35,0,0,7,4,16.5596099853516,29.9724365234375
32.8660522460938,21.8719421386719,19.9499755859375,14.8634887695313,9,35,0,0,7,4,16.5596099853516,29.9724365234375
32.8660522460938,21.8719421386719,19.9499755859375,14.8634887695313,9,35,0,0,7,4,16.5596099853516,29.9724365234375
32.8660522460938,21.8719421386719,19.9499755859375,14.8634887695313,9,35,0,0,7,4,16.5596099853516,29.9724365234375
32.8660522460938,21.8719421386719,19.9499755859375,14.8634887695313,9,35,0,0,7,4,16.5596099853516,29.9724365234375
33.5136962890625,22.4692016601563,19.4940124511719,14.0700622558594,11,76,0,0,7,5,16.0419860839844,30.7673736572266
34.4148193359375,22.1611877441406,20.2280212402344,15.2852111816406,10,111,0,0,6,6,17.130014038086,31.5633026123047
34.4148193359375,22.1611877441406,20.2280212402344,15.2852111816406,10,111,0,0,6,6,17.130014038086,31.5633026123047
34.4148193359375,22.1611877441406,20.2280212402344,15.2852111816406,10,111,0,0,6,6,17.130014038086,31.5633026123047
34.4148193359375,22.1611877441406,20.2280212402344,15.2852111816406,10,111,0,0,6,6,17.130014038086,31.5633026123047
33.5136962890625,22.4692016601563,19.4940124511719,14.0700622558594,11,76,0,0,7,5,16.0419860839844,30.7673736572266
34.4148193359375,22.1611877441406,20.2280212402344,15.2852111816406,10,111,0,0,6,6,17.130014038086,31.5633026123047
34.4148193359375,22.1611877441406,20.2280212402344,15.2852111816406,10,111,0,0,6,6,17.130014038086,31.5633026123047
34.4148193359375,22.1611877441406,20.2280212402344,15.2852111816406,10,111,0,0,6,6,17.130014038086,31.5633026123047
34.4148193359375,22.1611877441406,20.2280212402344,15.2852111816406,10,111,0,0,6,6,17.130014038086,31.5633026123047
34.4148193359375,22.1611877441406,20.2280212402344,15.2852111816406,10,111,0,0,6,6,17.130014038086,31.5633026123047
33.0290466308594,22.2830444335938,19.715478515625,14.5046325683594,10,56,0,0,7,6,16.3023315429688,30.315087890625
33.0290466308594,22.2830444335938,19.715478515625,14.5046325683594,10,56,0,0,7,6,16.3023315429688,30.315087890625
33.0290466308594,22.2830444335938,19.715478515625,14.5046325683594,10,56,0,0,7,6,16.3338104248047,30.315087890625
33.0290466308594,22.2830444335938,19.715478515625,14.5046325683594,10,56,0,0,7,6,16.3338104248047,30.315087890625
33.0290466308594,22.2830444335938,19.715478515625,14.5046325683594,10,56,0,0,7,6,16.3023315429688,30.315087890625
33.0290466308594,22.2830444335938,19.715478515625,14.5046325683594,10,56,0,0,7,6,16.3338104248047,30.315087890625
33.0290466308594,22.2830444335938,19.715478515625,14.5046325683594,10,56,0,0,7,6,16.3338104248047,30.315087890625
33.0290466308594,22.2830444335938,19.715478515625,14.5046325683594,10,56,0,0,7,6,16.3338104248047,30.315087890625
31.775537109375,20.8663269042969,20.5854125976563,16.1847778320313,8,30,0,0,11,5,17.1830230712891,29.7619110107422
31.775537109375,20.8663269042969,20.5854125976563,16.1847778320313,8,30,0,0,11,5,17.1814514160156,29.7619110107422
31.775537109375,20.8663269042969,20.5854125976563,16.1847778320313,8,30,0,0,11,5,17.1814514160156,29.7619110107422
31.775537109375,20.8663269042969,20.5854125976563,16.1847778320313,8,30,0,0,11,5,17.1814514160156,29.7619110107422
31.775537109375,20.8663269042969,20.5854125976563,16.1847778320313,8,30,0,0,11,5,17.1814514160156,29.7619110107422
31.775537109375,20.8663269042969,20.5854125976563,16.1847778320313,8,30,0,0,11,5,17.1814514160156,29.7619110107422
31.775537109375,20.8663269042969,20.5854125976563,16.1847778320313,8,30,0,0,11,5,17.1814514160156,29.7619110107422
31.775537109375,20.8663269042969,20.5854125976563,16.1847778320313,8,30,0,0,11,5,17.1814514160156,29.7619110107422
31.775537109375,20.8663269042969,20.5854125976563,16.1847778320313,8,30,0,0,11,5,17.1814514160156,29.7619110107422
31.775537109375,20.8663269042969,20.5854125976563,16.1847778320313,8,30,0,0,11,5,17.1814514160156,29.7619110107422
32.1781555175781,20.9329772949219,20.8467041015625,16.3970275878906,8,44,0,0,11,5,17.4276519775391,30.1348358154297
32.1781555175781,20.9329772949219,20.8467041015625,16.3970275878906,8,44,0,0,11,5,17.4276519775391,30.1348358154297
32.1781555175781,20.9329772949219,20.8467041015625,16.3970275878906,8,44,0,0,11,5,17.4276519775391,30.1348358154297
32.1781555175781,20.9329772949219,20.8467041015625,16.3970275878906,8,44,0,0,11,5,17.4276519775391,30.1348358154297
32.1781555175781,20.9329772949219,20.8467041015625,16.3970275878906,8,44,0,0,11,5,17.4276519775391,30.1348358154297
32.1781555175781,20.9329772949219,20.8467041015625,16.3970275878906,8,44,0,0,11,5,17.4276519775391,30.1348358154297
32.1781555175781,20.9329772949219,20.8467041015625,16.3970275878906,8,44,0,0,11,5,17.4276519775391,30.1348358154297
32.1781555175781,20.9329772949219,20.8467041015625,16.3970275878906,8,44,0,0,11,5,17.4276519775391,30.1348358154297
32.1781555175781,20.9329772949219,20.8467041015625,16.3970275878906,8,44,0,0,11,5,17.4276519775391,30.1348358154297
32.1781555175781,20.9329772949219,20.8467041015625,16.3970275878906,8,44,0,0,11,5,17.4276519775391,30.1348358154297
32.1781555175781,20.9329772949219,20.8467041015625,16.3970275878906,8,44,0,0,11,5,17.4276519775391,30.1348358154297
35.1865173339844,22.1798034667969,22.3233276367188,17.6641784667969,9,164,0,0,12,5,18.6707550048828,33.0665985107422
34.7450500488281,22.593896484375,22.4398742675781,17.7558532714844,9,145,0,0,11,5,18.8600708007813,32.5064025878906
34.7450500488281,22.593896484375,22.4398742675781,17.7558532714844,9,148,0,0,11,5,18.8588500976563,32.5064025878906
35.1865173339844,22.1798034667969,22.3233276367188,17.6641784667969,9,164,0,0,12,5,18.6707550048828,33.0665985107422
35.1865173339844,22.1798034667969,22.3233276367188,17.6641784667969,9,164,0,0,12,5,18.6707550048828,33.0665985107422
34.7450500488281,22.593896484375,22.4398742675781,17.7558532714844,9,148,0,0,11,5,18.8588500976563,32.5064025878906
35.1865173339844,22.1798034667969,22.3233276367188,17.6641784667969,9,164,0,0,12,5,18.6707550048828,33.0665985107422
35.1865173339844,22.1798034667969,22.3233276367188,17.5976806640625,9,164,0,0,12,5,18.6641326904297,33.0665985107422
35.1865173339844,22.1798034667969,22.3233276367188,17.5976806640625,9,164,0,0,12,5,18.6641326904297,33.0665985107422
33.3352294921875,21.1535583496094,21.1995483398438,16.461328125,9,84,0,0,12,5,17.4828735351563,31.3847747802735
35.1865173339844,22.1798034667969,22.3233276367188,17.5976806640625,9,164,0,0,12,5,18.6641326904297,33.0665985107422
35.1865173339844,22.1798034667969,22.3233276367188,17.5976806640625,9,164,0,0,12,5,18.6641326904297,33.0665985107422
35.1865173339844,22.1798034667969,22.3233276367188,17.6641784667969,9,164,0,0,12,5,18.6707550048828,33.0665985107422
35.1865173339844,22.1798034667969,22.3233276367188,17.6641784667969,9,164,0,0,12,5,18.6707550048828,33.0665985107422
35.1865173339844,22.1798034667969,22.3233276367188,17.5976806640625,9,164,0,0,12,5,18.6641326904297,33.0665985107422
35.1865173339844,22.1798034667969,22.3233276367188,17.5976806640625,9,164,0,0,12,5,18.6641326904297,33.0665985107422
35.1865173339844,22.1798034667969,22.3233276367188,17.5976806640625,9,164,0,0,12,5,18.6641326904297,33.0665985107422
35.1865173339844,22.1798034667969,22.3233276367188,17.6641784667969,9,164,0,0,12,5,18.6707550048828,33.0665985107422
